sample_idx,label,doppler_hz,insider_mode,power_preserving,power_diff_pct
0,0,-346337.01502475585,benign,True,0.7731890663187779
1,0,-566378.1106730045,benign,True,2.1464717389959427
2,0,403755.35982631735,benign,True,3.481403579629836
3,0,6638.743434610192,benign,True,0.7362015021475604
4,0,245797.20530689758,benign,True,1.2515514366781983
5,0,-579858.7450473828,benign,True,3.906240395731069
6,0,607877.4441056214,benign,True,0.6289392675546384
7,0,-570755.3415504957,benign,True,1.8797065264292367
8,0,145183.55636817846,benign,True,1.2658156792391395
9,0,183827.27823864622,benign,True,1.6069119114861086
10,0,-479421.7960029345,benign,True,1.1292305912153344
11,0,532153.4595872947,benign,True,2.122336304644108
12,0,-534634.6240579173,benign,True,3.3036757177638125
13,0,-236725.94738162373,benign,True,1.378441892069449
14,0,152975.81302494064,benign,True,2.450978386999856
15,0,628825.3895293891,benign,True,1.3732911398871852
16,0,450087.78305949573,benign,True,1.2391621468556404
17,0,472827.90800570586,benign,True,3.321033318542051
18,0,-348025.5940502179,benign,True,3.418788689162512
19,0,190256.61094357533,benign,True,0.8750141710051097
20,0,-419552.94419739,benign,True,4.392761069133465
21,0,545025.5818707141,benign,True,5.352804997712701
22,0,557772.6922906416,benign,True,1.6623995227220907
23,0,254790.0561379795,benign,True,1.5404412109004464
24,0,410764.8844197397,benign,True,2.208569660301325
25,0,-511835.4335441288,benign,True,0.5025061509599267
26,0,-232944.42967172965,benign,True,1.752188721539226
27,0,-631683.9205435251,benign,True,1.86104940624711
28,0,-139632.49254391625,benign,True,0.7633581302829175
29,0,-647038.9975530767,benign,True,4.363644266256582
30,0,171110.99940896736,benign,True,4.780354553713327
31,1,-709718.2659072742,ground,True,1.8915464161005413
32,1,-24321.59235363952,ground,True,1.8587550378095137
33,1,-174789.41388130258,ground,True,1.1349267152884874
34,1,108072.21365332999,ground,True,0.492027962249493
35,1,-395508.79197834217,ground,True,0.0
36,1,419855.57687002415,ground,True,3.7227150730033784
37,1,-271383.25932327576,ground,True,0.2560817351499368
38,1,467224.523366346,ground,True,1.005012181511007
39,1,-108015.53439789846,ground,True,3.2059156973003615
40,1,257049.91146761406,ground,True,1.139224316327543
41,1,-593090.4912985945,ground,True,4.1131195206579
42,1,-488473.88113932736,ground,True,0.3654164432517178
43,1,661534.3938076589,ground,True,3.4929160984782657
44,1,-180591.14999553634,ground,True,0.49690577117430373
45,1,431130.80182830436,ground,True,3.44403151136997
46,1,-674455.705458242,ground,True,1.2820624113864378
47,1,546966.6235073175,ground,True,0.7672688229943282
48,1,-451013.2343474549,ground,True,0.6203379698940376
49,1,628603.9178254154,ground,True,0.7471973197349108
50,1,499428.9011203956,ground,True,2.628292034196204
51,1,448782.94413080614,ground,True,3.234140506211452
52,1,-616353.7086413801,ground,True,3.316341953095055
53,1,231266.42904644893,ground,True,4.156476067779108
54,1,-372743.1064127456,ground,True,2.1065626503759307
55,1,-385216.4575657119,ground,True,3.855446646458077
56,1,15371.616529489678,ground,True,3.29670323271999
57,1,307875.007526576,ground,True,1.0012447300975047
58,1,-38945.08648122373,ground,True,1.3994929388342543
59,1,129573.89392847354,ground,True,2.293003620376238
60,1,115718.7782097275,ground,True,0.3663204133936085
61,1,670050.6289097134,ground,True,0.8772011593229727
62,0,-99818.32608263784,benign,True,0.4938384400427172
63,0,-66609.67712577432,benign,True,3.3088467319090835
64,0,273046.52117662627,benign,True,1.3801773702637548
65,0,271765.2109012151,benign,True,5.078598566854291
66,0,299432.737075706,benign,True,3.593556044850094
67,0,340876.2197342353,benign,True,4.909568810406241
68,0,316769.18921337475,benign,True,3.91198284878014
69,0,-277833.4627303864,benign,True,1.0217287339584544
70,0,-599928.3569635586,benign,True,2.0779139550401466
71,0,270252.4476057615,benign,True,3.1525733514479617
72,0,-231652.12415164,benign,True,0.7352875865721054
73,0,76338.91321556029,benign,True,2.1600905348346067
74,0,435409.9527302795,benign,True,1.9680121413408227
75,0,596235.1261632716,benign,True,1.5189920940978792
76,0,-249808.9589366061,benign,True,2.238821903669537
77,0,-328826.963659406,benign,True,3.6755384573693246
78,0,-210854.03426132628,benign,True,5.244350928526027
79,0,591394.934502544,benign,True,1.2722635504715292
80,0,644772.0386853062,benign,True,4.0816287978924555
81,0,627628.324507772,benign,True,0.3802308254634218
82,0,691069.1756042042,benign,True,6.242029302335918
83,0,-620229.4382494753,benign,True,1.95124095710101
84,0,500186.17054142774,benign,True,2.567214516460672
85,0,463721.53111715266,benign,True,2.699395756602803
86,0,144237.3169511195,benign,True,3.9360301478379482
87,0,-524714.9398873785,benign,True,1.955977079165895
88,0,506405.60777484503,benign,True,3.0651131233785223
89,0,157129.52348419125,benign,True,0.49688207740302903
90,0,560880.6239325096,benign,True,5.721711370508445
91,0,638315.5927522558,benign,True,1.3941655917166798
92,0,-33692.16051580385,benign,True,1.3106023028534808
93,1,-383270.1474074449,ground,True,4.6249985694839
94,1,-73310.52373049283,ground,True,0.0
95,1,138386.6232970676,ground,True,0.12374160430198733
96,1,271117.9070124753,ground,True,3.670879955987226
97,1,-564696.3875208563,ground,True,1.5306048594804738
98,1,-419257.77657273784,ground,True,1.1208109582053767
99,1,-449499.1071137717,ground,True,4.956630861133482
100,1,634019.938639933,ground,True,0.0
101,1,434756.49170143163,ground,True,4.444457657211168
102,1,400511.4147250812,ground,True,2.173920466717769
103,1,-292019.479584502,ground,True,1.2515514366781983
104,1,-51659.53258461169,ground,True,0.3759485206987215
105,1,-45349.144517967485,ground,True,3.9240382631038138
106,1,-333531.2313567614,ground,True,6.63449673943939
107,1,-487045.69510465505,ground,True,0.8695615087997143
108,1,-565371.2676945552,ground,True,2.2698532940888856
109,1,354773.72173412883,ground,True,1.8495757853685033
110,1,310230.8736393705,ground,True,0.7547043288472853
111,1,-298261.24783642567,ground,True,3.6570047899555256
112,1,-226298.93731227706,ground,True,2.1013549603249486
113,1,-38605.92048762881,ground,True,0.8631283109605252
114,1,-502825.8966673938,ground,True,0.24538099817268286
115,1,12650.8972780659,ground,True,4.5685298232261315
116,1,76454.80818608719,ground,True,0.6353325069765059
117,1,397454.8926175076,ground,True,1.2369316623693133e-05
118,1,-322419.87048689584,ground,True,2.1356676152271237
119,1,286476.607790515,ground,True,0.2512500802713386
120,1,-660269.7367436499,ground,True,1.4030691529495762
121,1,-210370.37522383564,ground,True,1.8292522657309942
122,1,368007.32940556004,ground,True,1.8703195486937347
123,1,-385839.5661849635,ground,True,0.5089054201886117
124,0,-265397.20400029275,benign,True,0.6234438132984742
125,0,470964.88635046635,benign,True,1.4066574762688993
126,0,291290.852126739,benign,True,1.972871198338684
127,0,-192845.28972684336,benign,True,0.3698986941358894
128,0,612556.2208106718,benign,True,0.6273370331184939
129,0,57278.382365142344,benign,True,3.3036757177638125
130,0,-710621.738344062,benign,True,3.6630061795501323
131,0,494231.0684457497,benign,True,0.8772011593229727
132,0,-440336.2483300987,benign,True,3.8070847592520702
133,0,53105.53947423461,benign,True,0.7176970723784138
134,0,-559380.860952379,benign,True,1.2422288872788472
135,0,219608.5167700786,benign,True,1.9323653692261713
136,0,-506787.70241950836,benign,True,0.8805053778530071
137,0,95729.11227897466,benign,True,1.250004768370332
138,0,-645221.6924277823,benign,True,0.9840090032485628
139,0,247835.91253123427,benign,True,4.216871968992099
140,0,87185.53847406538,benign,True,1.122184594495228
141,0,72090.9924762541,benign,True,2.236028582741817
142,0,-110280.33338417904,benign,True,0.7594809572638126
143,0,-453704.5005082686,benign,True,1.2337314008809893e-05
144,0,-23740.400099414022,benign,True,5.230393114537254
145,0,28846.68033530422,benign,True,2.2031919257265744
146,0,-246928.79152095984,benign,True,0.2531522712025365
147,0,-402831.8208635739,benign,True,3.2767104623830456
148,0,507159.51230093546,benign,True,1.7178074055196086
149,0,-462688.8174978818,benign,True,1.3888726665216506
150,0,-346412.58361610555,benign,True,2.7160584383309727
151,0,-328745.31061430956,benign,True,0.7398091475130726
152,0,-398447.2700916514,benign,True,0.12547937242472149
153,0,-546201.2359404711,benign,True,4.924247304630546
154,0,611063.6674501647,benign,True,0.4968939831551283
155,1,-177628.39559642854,ground,True,5.4086517520504716
156,1,-505923.93401128,ground,True,0.1230040579842218
157,1,210825.7402075834,ground,True,4.131229301322321
158,1,21161.390688224645,ground,True,3.8694040388475894
159,1,208118.63875319317,ground,True,4.0791094732128625
160,1,-443064.1174267496,ground,True,0.6305195186667596
161,1,419616.2652417937,ground,True,1.215071531370418
162,1,-339631.6853187366,ground,True,0.5115023858927062
163,1,309567.497014777,ground,True,2.90771843334263
164,1,-424692.13998018025,ground,True,2.650605870495355
165,1,547044.3324078538,ground,True,2.117079604837093
166,1,-34337.760334072766,ground,True,4.166674945086589
167,1,389951.28979364625,ground,True,0.37877248502515376
168,1,618243.76506162,ground,True,2.484481762662682
169,1,-274232.9737303915,ground,True,0.9876652226142939
170,1,-728025.9934242828,ground,True,4.627245103251329
171,1,54864.96413878555,ground,True,0.6211203670822423
172,1,420345.5052927165,ground,True,3.0418224294516025
173,1,404622.3180575314,ground,True,0.3731191915114518
174,1,-133457.08573383474,ground,True,4.628486313083202
175,1,-249651.83236148107,ground,True,1.1264159871625818
176,1,216941.56617986393,ground,True,0.6345141649379415
177,1,64125.80465364932,ground,True,1.1904694325785166
178,1,-279609.2727492487,ground,True,1.8797067510693561
179,1,-134691.57309150498,ground,True,4.4987074525436395
180,1,719747.2857121163,ground,True,0.8728201494976952
181,1,-431084.3404471611,ground,True,2.916152313978786
182,1,-391973.6046014693,ground,True,2.696070382106424
183,1,-340369.1053007983,ground,True,0.7407459735212644
184,1,-142618.48243800213,ground,True,0.7462621062675318
185,1,524651.6747891809,ground,True,2.5189014295841647
186,0,-449870.0903304105,benign,True,1.4652234316962127
187,0,-158096.81502769524,benign,True,3.2218121278038225
188,0,-295002.67636618123,benign,True,5.66502518016781
189,0,564865.8823517154,benign,True,1.651849976726001
190,0,-259535.25033869708,benign,True,3.3210450488546566
191,0,-130652.00335951311,benign,True,7.189539550397946
192,0,-266220.4183748524,benign,True,0.6195928909538732
193,0,309870.29311723006,benign,True,0.9962809075691983
194,0,383098.7760176463,benign,True,3.254076704422668
195,0,-566371.6108313277,benign,True,3.1446483541557586
196,0,266254.2121069692,benign,True,4.603588547317539
197,0,323083.2202381632,benign,True,5.684743458191242
198,0,185912.41755946167,benign,True,3.2846657742469905
199,0,-114080.0569793653,benign,True,0.4944371546830249
200,0,-475547.932172684,benign,True,0.6289152757459218
201,0,672131.0970166454,benign,True,1.6229788144965636
202,0,620562.1256494639,benign,True,2.439037528308556
203,0,-368812.9637353502,benign,True,1.3941776788445654
204,0,331162.1456509083,benign,True,0.12611231446179777
205,0,16644.521303718993,benign,True,4.17752363611978
206,0,-321550.11191075755,benign,True,0.24877380479303401
207,0,-12792.367970678573,benign,True,1.7588102553517178
208,0,400270.03353320004,benign,True,2.005010734212528
209,0,-78153.75272375027,benign,True,3.914128848266275
210,0,550926.6743082594,benign,True,4.130156145380006
211,0,-660906.1802915117,benign,True,3.321033318542051
212,0,231296.5246288871,benign,True,0.2484766087951663
213,0,445326.77269634156,benign,True,3.5989933708555384
214,0,-347127.5584464654,benign,True,3.1901870067629248
215,0,132731.15198307738,benign,True,1.0975629896148098
216,0,336959.78527898696,benign,True,4.797046823414895
217,1,19985.359553378963,ground,True,0.38314446906270994
218,1,194614.51160251081,ground,True,0.8827140442796668
219,1,138510.76985319387,ground,True,0.37736713666979016
220,1,123250.91466493979,ground,True,1.9059672263192802
221,1,450778.1225393652,ground,True,0.4889971274343206
222,1,-131498.89047106268,ground,True,2.1600905348346067
223,1,112268.42947612263,ground,True,2.798042391868351
224,1,291254.14465636195,ground,True,1.1193931594012976
225,1,335525.8391978812,ground,True,2.025308463839297
226,1,-674187.4914855572,ground,True,3.0769082169044646
227,1,-64957.093631006705,ground,True,0.12408415904247294
228,1,-612408.3919107363,ground,True,3.7712717538081844
229,1,570891.2315685181,ground,True,1.1292186254143117
230,1,-189852.49214799685,ground,True,0.7434996516185949
231,1,-28302.830254956825,ground,True,1.8028800965394547
232,1,349579.45876331703,ground,True,1.1166213612164333
233,1,419974.78618591605,ground,True,0.5006193810862973
234,1,-188914.51567079805,ground,True,0.2525129983292493
235,1,253416.90246252663,ground,True,0.881590277228887
236,1,-204394.2723590332,ground,True,0.6067868743849911
237,1,596969.8155139879,ground,True,1.2594567202981704
238,1,183692.01437462104,ground,True,3.071253301538044
239,1,534018.9707593522,ground,True,0.37406747709925336
240,1,-448863.90222456615,ground,True,4.353388965959197
241,1,-437327.808909623,ground,True,2.043270222708506
242,1,-644715.2503871459,ground,True,0.6451761362839636
243,1,574539.4273117692,ground,True,1.1363476268486887
244,1,586222.0066316226,ground,True,3.7084273592792387
245,1,56581.08000520076,ground,True,0.4926103745903419
246,1,49089.416962227,ground,True,0.4968821362680874
247,1,63521.48923548934,ground,True,0.24876194317071995
248,0,-500993.85985908774,benign,True,1.7879750429607169
249,0,395791.2377391146,benign,True,1.7199060665858703
250,0,137814.1562877625,benign,True,1.2531376842861577
251,0,-454505.5591204735,benign,True,1.2407114363530725
252,0,300468.5787957138,benign,True,2.3690781666930207
253,0,-523814.6789028053,benign,True,2.408118488661766
254,0,544542.9706740755,benign,True,1.1568143403190956
255,0,669987.28092126,benign,True,2.135673605644373
256,0,616197.3395452662,benign,True,1.4157093612883225
257,0,240584.12928597548,benign,True,0.37499666213951754
258,0,-266038.54751657957,benign,True,2.541281556529644
259,0,206268.170625848,benign,True,1.1523830718501293
260,0,-288234.5444164461,benign,True,0.36144259914157445
261,0,-362596.6087915573,benign,True,3.5398201280733317
262,0,176495.91821378228,benign,True,0.3745583005208845
263,0,273483.5543097302,benign,True,5.283528261017204
264,0,-305188.32951180864,benign,True,1.5931269999680513
265,0,247645.85197606115,benign,True,3.944032173039602
266,0,-498045.0255253957,benign,True,1.132065422298454
267,0,659241.6705751845,benign,True,0.4944489429946546
268,0,615968.7884731012,benign,True,4.4416233594985925
269,0,530414.9889825819,benign,True,2.027893706762287
270,0,-645116.9862208397,benign,True,3.3128833566122173
271,0,125820.06511610694,benign,True,4.7381563333860415
272,0,497026.04799989314,benign,True,0.48840004764830797
273,0,8054.746077609107,benign,True,2.602219544367922
274,0,-88177.95594882502,benign,True,2.3255645646821708
275,0,-71943.16494516675,benign,True,1.2360928867075622
276,0,119837.86587831573,benign,True,0.8599471753421495
277,0,324321.6883581146,benign,True,4.483189856605904
278,0,466165.5269229076,benign,True,0.8474540068575528
279,1,-393827.81805197377,ground,True,2.8290229517614667
280,1,417826.17374346853,ground,True,0.6165135025482074
281,1,-226640.99373037307,ground,True,5.4333777641078935
282,1,-482979.4349515283,ground,True,0.8739038846209548
283,1,-164261.74495693858,ground,True,2.6666583436882285
284,1,-673354.2372769966,ground,True,0.8782838121669141
285,1,-234141.36063063165,ground,True,0.8684885396964848
286,1,-211947.98972449976,ground,True,0.0
287,1,375074.82415888534,ground,True,2.484481762662682
288,1,171141.83493247122,ground,True,3.1685680524607243
289,1,-266147.0949249311,ground,True,0.37265572290564764
290,1,639255.8130370893,ground,True,3.0341435949155704
291,1,-604113.7080539133,ground,True,0.4975001630968118
292,1,697023.9691611266,ground,True,3.2953136754698455
293,1,76213.49074724656,ground,True,2.5125726877203785
294,1,166645.48551322395,ground,True,0.6218870654933287
295,1,-62505.30661332878,ground,True,2.109182227767058
296,1,-452946.9267992153,ground,True,1.8041097588211485
297,1,156530.95184630592,ground,True,2.922497168056521
298,1,349674.7950236872,ground,True,3.106346309567922
299,1,-231617.93983461935,ground,True,1.285346019572295
300,1,117068.58511724147,ground,True,5.729155833566664
301,1,-332720.32068145956,ground,True,0.37039060378847605
302,1,-45437.57367273788,ground,True,3.4307313130994284
303,1,-289783.68234766566,ground,True,4.1931254743335975
304,1,537817.4533512228,ground,True,3.7131943178793323
305,1,243849.38941599693,ground,True,5.031460158867495
306,1,-433304.80057832645,ground,True,1.1567898242689891
307,1,198926.66672919225,ground,True,2.7848074371598517
308,1,-219355.03587133434,ground,True,3.2953257625977312
309,1,-289408.7156773747,ground,True,2.2959224944887886
310,0,251865.4963385227,benign,True,2.781293271769689
311,0,66899.1543192904,benign,True,1.001256665947325
312,0,347287.4066201434,benign,True,0.12484681381655764
313,0,-163043.9391029454,benign,True,0.9913308992371176
314,0,549055.356032415,benign,True,0.25001764297460344
315,0,-11539.247139095065,benign,True,4.247560202424829
316,0,-9236.085248399979,benign,True,0.3712956741300211
317,0,171348.9095755729,benign,True,3.100778680075689
318,0,-22613.23455880522,benign,True,1.7925658216902496
319,0,-488379.6039783398,benign,True,0.37879054703963555
320,0,247677.14437387386,benign,True,0.8515778670495352
321,0,82596.25523168147,benign,True,0.37220514837408897
322,0,-589079.9111463343,benign,True,1.4760135048728442
323,0,-720926.739789196,benign,True,4.761922295903092
324,0,-540836.1063304923,benign,True,3.562344007951426
325,0,-520848.8110530327,benign,True,6.3241178731460925
326,0,-256307.7811557153,benign,True,0.25508357727625725
327,0,-441464.19438623346,benign,True,1.849552266885916
328,0,596390.084615114,benign,True,1.7241421834450752
329,0,-111064.45239255595,benign,True,1.7456284077937023
330,0,-16011.318818952835,benign,True,0.12642516157294065
331,0,381798.00327463954,benign,True,0.8794172138704305
332,0,-675984.5471989356,benign,True,1.25472791234159
333,0,-429111.0615241613,benign,True,2.608696373286184
334,0,112537.95479615242,benign,True,1.5037578709482005
335,0,-486261.94778903184,benign,True,1.2194937570365205
336,0,-125676.1423910798,benign,True,2.0969836829794453
337,0,617476.3805555066,benign,True,1.6069236997977385
338,0,-530036.0647235442,benign,True,3.478245623135027
339,0,-579918.4573570953,benign,True,1.2690162274093824
340,0,-112018.44576052678,benign,True,4.830902461673283
341,1,-268388.26621094253,ground,True,1.7587865044028663
342,1,155702.66961101524,ground,True,3.101731262129351
343,1,-348551.8294849179,ground,True,2.4265594556308927
344,1,-187791.8215156152,ground,True,2.216752558035417
345,1,-163911.91526821215,ground,True,3.5066387614053838
346,1,90127.1023848131,ground,True,0.6234378676976303
347,1,76806.33017425482,ground,True,0.24629931491629262
348,1,464253.27670633735,ground,True,0.6097468785182603
349,1,-269513.70392879215,ground,True,0.4968939831551283
350,1,-256980.51124305342,ground,True,0.2528382665788803
351,1,-509556.2933259316,ground,True,4.039166715105163
352,1,-58276.12047650816,ground,True,1.419344255999669
353,1,-561321.559537078,ground,True,2.0253207801591553
354,1,-439419.5729042779,ground,True,1.4833055698932598
355,1,-458196.48336010065,ground,True,0.7662828482506832
356,1,-229594.24191302684,ground,True,0.12516528914016703
357,1,-402936.43253279215,ground,True,0.7692422434177275
358,1,51422.57385363113,ground,True,0.6273609647205393
359,1,-97836.79992721736,ground,True,3.57142227959054
360,1,85577.26461668353,ground,True,0.12391857819077463
361,1,-465467.4994326277,ground,True,3.452667019839724
362,1,-448436.14062127727,ground,True,1.4981260476562686
363,1,-217753.01759327372,ground,True,0.0
364,1,273166.4022038123,ground,True,0.7499992847435126
365,1,237424.65664467536,ground,True,7.591622644516162
366,1,-538360.753033441,ground,True,3.2869939180614516
367,1,389267.3963036942,ground,True,2.8880840739105413
368,1,-261181.8135385212,ground,True,1.9329972450341997
369,1,27413.325210707255,ground,True,2.0556353103048557
370,1,-247601.39454929827,ground,True,1.1378143975894648
371,1,655708.1415578934,ground,True,3.8961005182684465
372,0,135686.67296380352,benign,True,2.068116019709114
373,0,-624364.5091825833,benign,True,6.369408605889901
374,0,-302341.5294385859,benign,True,0.5037718782083094
375,0,-394277.32850628975,benign,True,1.0217287339584544
376,0,710690.1268279905,benign,True,0.24753044942001406
377,0,579179.1282615475,benign,True,3.527986166845034
378,0,582226.5111490906,benign,True,0.24419420163633185
379,0,526813.5390427328,benign,True,1.6189065501370676
380,0,-539039.8684187202,benign,True,5.005966432475534
381,0,530187.4607378145,benign,True,5.095524764488866
382,0,-35969.38269451893,benign,True,3.557811144123234
383,0,-29322.331588416233,benign,True,2.2842500599805375
384,0,-491291.31637596176,benign,True,3.8095317027433397
385,0,82549.91331725843,benign,True,4.14128181276261
386,0,486401.9932037755,benign,True,4.071255247783144
387,0,249161.1170762003,benign,True,2.4999859929043082
388,0,499229.30274490203,benign,True,1.1306433324727718
389,0,-79987.95434357694,benign,True,8.076018715567459
390,0,488264.38938030775,benign,True,2.4539855046153645
391,0,-624455.1653740403,benign,True,5.535053575851317
392,0,226736.45185530232,benign,True,3.8412260272490526
393,0,197281.59955590597,benign,True,1.7699281488871672
394,0,244374.93174104704,benign,True,2.1356795960616224
395,0,-201362.76311576515,benign,True,0.49875267239844184
396,0,621104.4187355107,benign,True,4.773859352665922
397,0,-132721.78549332707,benign,True,3.817762701158981
398,0,464008.6911620666,benign,True,3.9092231859011095
399,0,-27910.2356548579,benign,True,2.3199147817990187
400,0,-290775.9613647218,benign,True,2.7534394195616407
401,0,386961.958146346,benign,True,3.6432100297759007
402,0,-564650.7729748463,benign,True,5.946610902945594
403,1,-693991.6392775159,ground,True,2.653791793427646
404,1,183311.7077816017,ground,True,1.9999983310677472
405,1,155972.80640766217,ground,True,1.1166213612164333
406,1,175599.65548501207,ground,True,5.071513796215222
407,1,-70588.9090279642,ground,True,3.3374478470325104
408,1,-65648.060529408,ground,True,2.2698532940888856
409,1,-28790.244036784956,ground,True,0.5018935580968406
410,1,413390.66777405544,ground,True,3.090235163846813
411,1,-28500.476802655332,ground,True,1.5776829092977882
412,1,618521.3237414105,ground,True,4.2801551607224795
413,1,42255.83221723951,ground,True,1.239156238092614
414,1,-76702.0332079632,ground,True,5.243447119820678
415,1,382863.10093509365,ground,True,2.5331732602089465
416,1,-665877.680256505,ground,True,2.4173159124737666
417,1,599154.9357118323,ground,True,1.2285177228774176
418,1,-119740.80711693257,ground,True,3.8750057071415425
419,1,62602.94684618097,ground,True,4.905647113957415
420,1,-365796.7882810538,ground,True,0.625002384185166
421,1,-601623.0277742782,ground,True,2.2784911591038437
422,1,-216699.7464692007,ground,True,0.3658504105971514
423,1,529078.1877174891,ground,True,3.816790651414588
424,1,178128.72486445322,ground,True,0.6082516735123431
425,1,-377154.78589345026,ground,True,0.3749907463774205
426,1,409758.5234908967,ground,True,4.113095004604789
427,1,408725.46469395555,ground,True,5.452293356370528
428,1,24877.611027538103,ground,True,2.13299377580697
429,1,267164.50831549097,ground,True,0.379275484718822
430,1,-543089.6702440208,ground,True,0.37083670724599094
431,1,-388449.1210739355,ground,True,5.276089312593362
432,1,223362.88612231595,ground,True,0.4938267244282347
433,1,-346553.1026220639,ground,True,2.1437707872108573
434,0,-65280.764232270034,benign,True,2.106568559138957
435,0,-532943.4026089868,benign,True,1.7262507423004039
436,0,583108.5881211266,benign,True,2.146459697652955
437,0,-200433.56645234674,benign,True,0.2590794707821207
438,0,64709.75436389135,benign,True,6.020671856399449e-06
439,0,-677349.7293293938,benign,True,1.6089125125257113
440,0,-147086.16620044055,benign,True,0.5108369625429118
441,0,572134.8097162463,benign,True,1.1138750880190242
442,0,183969.79427613775,benign,True,1.747843279285282
443,0,-489710.71952163725,benign,True,1.6229788144965636
444,0,295120.9957266314,benign,True,0.3871118345086605
445,0,316475.81835742824,benign,True,2.692320671305773
446,0,-23029.139951751833,benign,True,1.7305241472347723
447,0,713248.584034018,benign,True,0.25738775455070717
448,0,339796.6095240468,benign,True,1.5037640260627239
449,0,196883.5462121215,benign,True,4.936713147016993
450,0,247971.79149072574,benign,True,2.451620095972803
451,0,-34406.58815505872,benign,True,2.119678048090424
452,0,-694100.9107990528,benign,True,2.10396160846428
453,0,-535031.7881340912,benign,True,1.3630689075203621
454,0,208208.47046001942,benign,True,1.815964624912673
455,0,-48196.60290562992,benign,True,0.48840004764830797
456,0,-379219.27990959905,benign,True,5.860812216155341
457,0,63927.13739531884,benign,True,6.01793603969893
458,0,425266.5230840308,benign,True,2.4721857734151245
459,0,-489464.4640997253,benign,True,0.8827260704384865
460,0,516841.1674557061,benign,True,0.7500052452079902
461,0,-171737.97627496938,benign,True,1.5286671483212932
462,0,521371.10189245694,benign,True,0.7575630320647894
463,0,-248564.15143972184,benign,True,1.4581020605377852
464,0,-103611.89556794058,benign,True,4.605262249785815
465,1,263895.3326626478,ground,True,0.2506323171798938
466,1,191572.05644458314,ground,True,0.3821622313109639
467,1,115116.70393221613,ground,True,1.9925145462057394
468,1,85443.49655733304,ground,True,3.4146367844021857
469,1,-161515.13044087624,ground,True,2.4096479677519924
470,1,-187999.69075692698,ground,True,1.363092542572468
471,1,688791.7953390895,ground,True,0.38215615695181787
472,1,-95977.5554799109,ground,True,2.9114050346374643
473,1,-679837.1365745746,ground,True,2.911368467697763
474,1,105420.34156863995,ground,True,2.2528200384753436
475,1,665389.7625371902,ground,True,1.3546755939340012
476,1,-300865.0254465083,ground,True,1.612904752538829
477,1,318043.0695118122,ground,True,1.3513472349521736
478,1,285347.49499649176,ground,True,0.3667449309229531
479,1,243322.60397411254,ground,True,2.040826752998069
480,1,-526948.0766928194,ground,True,4.263104717861547
481,1,-495515.83488028694,ground,True,1.513263590429836
482,1,-517858.9161329467,ground,True,3.756470115245551
483,1,314142.7520614815,ground,True,0.0
484,1,540815.6091502397,ground,True,1.1363595997759188
485,1,215671.25992756247,ground,True,3.865330238287502
486,1,473330.9520451296,ground,True,1.7632285985064797
487,1,-96488.94196263354,ground,True,1.843442794096969e-05
488,1,-324734.1288408385,ground,True,0.12438097158535998
489,1,-653372.6515837137,ground,True,3.9072003811864637
490,1,26575.311586931253,ground,True,2.9802322387665507e-05
491,1,672518.8948997589,ground,True,3.9751760299497216
492,1,-699178.1421112453,ground,True,4.084157992218552
493,1,-245224.63511205485,ground,True,3.9759198389607944
494,1,-704527.9335576766,ground,True,2.3399024903094428
495,1,-374083.9278192706,ground,True,0.0
496,0,261799.22873768726,benign,True,4.213148935803967
497,0,-527262.2810186773,benign,True,0.6361408751824814
498,0,-337304.244053889,benign,True,2.3514802549828335
499,0,-156048.1117310821,benign,True,1.8749952316265428
500,0,-565025.8454470732,benign,True,
501,0,-646500.8645134297,benign,True,
502,0,-497784.145354734,benign,True,
503,0,-458232.1287589681,benign,True,
504,0,-614086.1061019712,benign,True,
505,0,-540451.4915979769,benign,True,
506,0,63253.21126616609,benign,True,
507,0,704385.3080077656,benign,True,
508,0,-314565.9466096351,benign,True,
509,0,645588.2702400754,benign,True,
510,0,-334680.0187894008,benign,True,
511,0,-504143.63565113,benign,True,
512,0,-386236.1545021887,benign,True,
513,0,120404.98349187386,benign,True,
514,0,-462336.6364295736,benign,True,
515,0,-725380.5913893167,benign,True,
516,0,476053.9225109702,benign,True,
517,0,-587090.6450373846,benign,True,
518,0,109119.13523687705,benign,True,
519,0,-509108.32501753944,benign,True,
520,0,-296731.28544000775,benign,True,
521,0,-297633.158083132,benign,True,
522,0,532093.3464278694,benign,True,
523,0,-229247.21343091957,benign,True,
524,0,-605536.688535767,benign,True,
525,0,-194125.01754018353,benign,True,
526,0,-367675.17214659805,benign,True,
527,1,-99547.73881497314,ground,True,
528,1,-154453.60270260976,ground,True,
529,1,499241.8229609887,ground,True,
530,1,-257283.43513857675,ground,True,
531,1,-634321.2949599278,ground,True,
532,1,596133.199581876,ground,True,
533,1,640917.8701867928,ground,True,
534,1,-337207.14849685767,ground,True,
535,1,-229295.02765656397,ground,True,
536,1,-94236.36665885952,ground,True,
537,1,90273.52787863532,ground,True,
538,1,-470913.98473006405,ground,True,
539,1,47720.07986314621,ground,True,
540,1,633718.5073581601,ground,True,
541,1,-50741.57392992767,ground,True,
542,1,-460697.81843690306,ground,True,
543,1,604030.7656202383,ground,True,
544,1,62082.9190956272,ground,True,
545,1,-238987.30911758856,ground,True,
546,1,-350454.2325627618,ground,True,
547,1,180485.71009334485,ground,True,
548,1,494629.85438657115,ground,True,
549,1,-55269.11743508172,ground,True,
550,1,306064.0168427219,ground,True,
551,1,253619.34584812733,ground,True,
552,1,-42449.601778671815,ground,True,
553,1,494718.9479849933,ground,True,
554,1,-341978.63757932466,ground,True,
555,1,-539580.948121552,ground,True,
556,1,-547753.0685897227,ground,True,
557,1,-142361.55123030156,ground,True,
558,0,524956.5266294122,benign,True,
559,0,586153.0166434329,benign,True,
560,0,-90866.66800720815,benign,True,
561,0,156039.29137046915,benign,True,
562,0,-255002.25710802013,benign,True,
563,0,-484381.8221456075,benign,True,
564,0,-22820.65594040764,benign,True,
565,0,-522368.86337587435,benign,True,
566,0,-160555.98716778876,benign,True,
567,0,-231482.0213142598,benign,True,
568,0,-294563.3025599701,benign,True,
569,0,194099.7983185359,benign,True,
570,0,-283763.17097341194,benign,True,
571,0,698933.7077074923,benign,True,
572,0,-323552.3515969785,benign,True,
573,0,-316547.99867052777,benign,True,
574,0,-598291.4904321426,benign,True,
575,0,-367360.53811036394,benign,True,
576,0,-705725.3474593153,benign,True,
577,0,-71623.62550632266,benign,True,
578,0,219664.0324159633,benign,True,
579,0,-389193.0860011131,benign,True,
580,0,242306.5954086362,benign,True,
581,0,527741.1880159267,benign,True,
582,0,-42241.72471753374,benign,True,
583,0,-86203.40576566303,benign,True,
584,0,520152.8279853178,benign,True,
585,0,71125.97383898121,benign,True,
586,0,75771.48076559398,benign,True,
587,0,-283602.63418699114,benign,True,
588,0,-309435.40925859933,benign,True,
589,1,528369.6767201712,ground,True,
590,1,186890.86266983245,ground,True,
591,1,-410202.24436758953,ground,True,
592,1,596069.0037413269,ground,True,
593,1,331722.9153029065,ground,True,
594,1,-306932.215107369,ground,True,
595,1,-551552.6566037993,ground,True,
596,1,-23946.17796554824,ground,True,
597,1,431375.0420305417,ground,True,
598,1,-220081.5457047073,ground,True,
599,1,321928.98705593235,ground,True,
600,1,-583159.9566774864,ground,True,
601,1,46038.789213873,ground,True,
602,1,-397834.7277017581,ground,True,
603,1,268098.0889122499,ground,True,
604,1,-106496.27195793403,ground,True,
605,1,-610169.0017313729,ground,True,
606,1,245730.58874445345,ground,True,
607,1,645495.3750354968,ground,True,
608,1,20361.841460653926,ground,True,
609,1,597692.4201021664,ground,True,
610,1,353466.05077255407,ground,True,
611,1,-686437.5517032114,ground,True,
612,1,645722.3638082275,ground,True,
613,1,45465.6508253441,ground,True,
614,1,568372.9553935116,ground,True,
615,1,201224.69672944525,ground,True,
616,1,-546105.0636842096,ground,True,
617,1,217511.2396760826,ground,True,
618,1,-380808.14584038913,ground,True,
619,1,-208480.30412768055,ground,True,
620,0,271552.0441503136,benign,True,
621,0,371179.4091465,benign,True,
622,0,617344.8684947529,benign,True,
623,0,-120301.62075104212,benign,True,
624,0,582697.8821977315,benign,True,
625,0,-372826.1509903489,benign,True,
626,0,409358.6057220334,benign,True,
627,0,36395.905876180164,benign,True,
628,0,221538.42060518946,benign,True,
629,0,-301761.7471304146,benign,True,
630,0,243918.47362852746,benign,True,
631,0,-89789.72151246775,benign,True,
632,0,-276248.1132539493,benign,True,
633,0,173831.7552153481,benign,True,
634,0,576122.4545437398,benign,True,
635,0,502606.0760494938,benign,True,
636,0,-498148.8650635734,benign,True,
637,0,38317.45032972841,benign,True,
638,0,495418.0170940181,benign,True,
639,0,363878.9788791972,benign,True,
640,0,-637608.9061173568,benign,True,
641,0,-540448.9148287023,benign,True,
642,0,400327.21683108126,benign,True,
643,0,464136.9309707441,benign,True,
644,0,336804.8616653451,benign,True,
645,0,-52422.289685539356,benign,True,
646,0,153956.2389478214,benign,True,
647,0,702157.9127109516,benign,True,
648,0,-678018.703869242,benign,True,
649,0,152332.8901620074,benign,True,
650,0,-488795.646735349,benign,True,
651,1,176355.61638832118,ground,True,
652,1,-216036.86143005625,ground,True,
653,1,-145610.94579879634,ground,True,
654,1,180832.6323080544,ground,True,
655,1,335411.90600415604,ground,True,
656,1,76656.51217481236,ground,True,
657,1,521150.02335938835,ground,True,
658,1,337463.76924518176,ground,True,
659,1,292428.8943262973,ground,True,
660,1,-65224.37682893586,ground,True,
661,1,561157.0280231838,ground,True,
662,1,-254420.22007865872,ground,True,
663,1,216726.80162093806,ground,True,
664,1,313309.8613963178,ground,True,
665,1,415356.31641946756,ground,True,
666,1,-58784.43131379616,ground,True,
667,1,-524610.6477679504,ground,True,
668,1,-228500.1154620789,ground,True,
669,1,-30283.202344230074,ground,True,
670,1,-236571.5892177363,ground,True,
671,1,-408788.65867034305,ground,True,
672,1,503107.6854902093,ground,True,
673,1,-615975.1992364404,ground,True,
674,1,94715.18323557235,ground,True,
675,1,448926.07798828604,ground,True,
676,1,-255427.48827718053,ground,True,
677,1,523452.4814534767,ground,True,
678,1,735266.6270830017,ground,True,
679,1,-680747.5265159685,ground,True,
680,1,643197.3757915347,ground,True,
681,1,-315231.8467272899,ground,True,
682,0,476073.37706367887,benign,True,
683,0,335789.4736106018,benign,True,
684,0,-81790.23978434112,benign,True,
685,0,482633.4230389709,benign,True,
686,0,-54798.82168936151,benign,True,
687,0,-469429.03225838975,benign,True,
688,0,103263.42465635212,benign,True,
689,0,44984.57367951711,benign,True,
690,0,552408.2269824551,benign,True,
691,0,415226.64515036764,benign,True,
692,0,657050.4346306429,benign,True,
693,0,-582749.7009376136,benign,True,
694,0,-289548.88104164257,benign,True,
695,0,281142.7306469204,benign,True,
696,0,-139570.7926750361,benign,True,
697,0,-442349.8002996146,benign,True,
698,0,729791.1155763629,benign,True,
699,0,-43796.95254700869,benign,True,
700,0,-138728.1959309952,benign,True,
701,0,282889.06024806766,benign,True,
702,0,-673716.4187438162,benign,True,
703,0,392207.57444843673,benign,True,
704,0,135365.9296586795,benign,True,
705,0,151087.8735497284,benign,True,
706,0,-583233.8296441275,benign,True,
707,0,54936.659494581225,benign,True,
708,0,163871.7739890251,benign,True,
709,0,199985.71949093995,benign,True,
710,0,404053.3616785626,benign,True,
711,0,323954.5599239777,benign,True,
712,0,352613.1546637033,benign,True,
713,1,-566945.7494640923,ground,True,
714,1,351165.8129760575,ground,True,
715,1,-465432.68208328605,ground,True,
716,1,-614888.7924311229,ground,True,
717,1,-94941.93416871702,ground,True,
718,1,-537137.2423755516,ground,True,
719,1,438698.0185474611,ground,True,
720,1,-224721.25365870277,ground,True,
721,1,-497698.9575885527,ground,True,
722,1,132681.2004063075,ground,True,
723,1,-205387.47289846395,ground,True,
724,1,-78738.68997775808,ground,True,
725,1,592757.7577991451,ground,True,
726,1,94083.9729771146,ground,True,
727,1,-507085.82277742017,ground,True,
728,1,558029.7885587678,ground,True,
729,1,514743.13728720014,ground,True,
730,1,-25255.549397428684,ground,True,
731,1,-380467.2331678801,ground,True,
732,1,-327722.95566037914,ground,True,
733,1,-571466.5800280131,ground,True,
734,1,241756.05132855938,ground,True,
735,1,294167.9002365945,ground,True,
736,1,-54159.42896011743,ground,True,
737,1,-318055.9249324758,ground,True,
738,1,10637.308260466121,ground,True,
739,1,-283262.2861254167,ground,True,
740,1,-99585.18702552858,ground,True,
741,1,509143.4208321469,ground,True,
742,1,346987.95244283404,ground,True,
743,1,253174.0487425908,ground,True,
744,0,-354959.0469508411,benign,True,
745,0,527854.7409638177,benign,True,
746,0,324219.91518151335,benign,True,
747,0,121645.93836837026,benign,True,
748,0,-468606.34340965876,benign,True,
749,0,312115.13638839277,benign,True,
750,0,-218229.67235010967,benign,True,
751,0,302402.32408199704,benign,True,
752,0,-550976.9014429863,benign,True,
753,0,-348114.9413752247,benign,True,
754,0,-115447.50814005079,benign,True,
755,0,83645.31274772054,benign,True,
756,0,127469.79349192325,benign,True,
757,0,502535.91371792543,benign,True,
758,0,499194.69294345553,benign,True,
759,0,-271359.6817295107,benign,True,
760,0,385693.5623550933,benign,True,
761,0,78114.56875017787,benign,True,
762,0,-86876.15864852365,benign,True,
763,0,-58644.95552134823,benign,True,
764,0,-54990.89450206152,benign,True,
765,0,-101752.29207731757,benign,True,
766,0,-30350.677008075163,benign,True,
767,0,556029.2779352058,benign,True,
768,0,309340.5464798564,benign,True,
769,0,106288.20987573659,benign,True,
770,0,-57563.36128521081,benign,True,
771,0,467244.4581728724,benign,True,
772,0,159233.26146379614,benign,True,
773,0,472648.9185257495,benign,True,
774,0,669615.2225996692,benign,True,
775,1,-35429.39062369159,ground,True,
776,1,-303727.0813769188,ground,True,
777,1,55811.315833894194,ground,True,
778,1,197750.94240610758,ground,True,
779,1,81014.11817491708,ground,True,
780,1,-30444.787069781974,ground,True,
781,1,-50514.41468984654,ground,True,
782,1,-298657.08785678685,ground,True,
783,1,-492752.40319184575,ground,True,
784,1,504723.8905919974,ground,True,
785,1,28057.10850583886,ground,True,
786,1,171251.32048066525,ground,True,
787,1,-419494.6898604444,ground,True,
788,1,166891.0156759329,ground,True,
789,1,121791.11894837198,ground,True,
790,1,423528.9264714262,ground,True,
791,1,-337741.02566969057,ground,True,
792,1,-526641.5690259802,ground,True,
793,1,-436721.36785940966,ground,True,
794,1,-655372.327798583,ground,True,
795,1,639351.8406881898,ground,True,
796,1,354173.2854314827,ground,True,
797,1,-603070.474732304,ground,True,
798,1,-400059.6813547355,ground,True,
799,1,673915.0318310852,ground,True,
800,1,58364.91546782036,ground,True,
801,1,260089.28322759163,ground,True,
802,1,-339622.0855588723,ground,True,
803,1,542077.5598383272,ground,True,
804,1,-176742.6402543056,ground,True,
805,1,400954.27457012574,ground,True,
806,0,-380400.88148183975,benign,True,
807,0,548706.9417541669,benign,True,
808,0,329435.4726153194,benign,True,
809,0,44530.32775954752,benign,True,
810,0,-629420.1433834695,benign,True,
811,0,-559049.9928647754,benign,True,
812,0,444329.83935772785,benign,True,
813,0,-23344.269296046125,benign,True,
814,0,-665250.7317172884,benign,True,
815,0,54846.32233910776,benign,True,
816,0,51199.29828766022,benign,True,
817,0,138610.52015944687,benign,True,
818,0,-392289.36572160205,benign,True,
819,0,-521548.2356793075,benign,True,
820,0,575548.26322122,benign,True,
821,0,277278.8092376127,benign,True,
822,0,-491927.8710200152,benign,True,
823,0,586887.0004813948,benign,True,
824,0,-375320.57211459853,benign,True,
825,0,-131762.71419398455,benign,True,
826,0,-333216.28640216694,benign,True,
827,0,54308.514015150344,benign,True,
828,0,-259854.63942585167,benign,True,
829,0,-471942.72739589453,benign,True,
830,0,-371507.2227727289,benign,True,
831,0,417607.2734228642,benign,True,
832,0,-562375.8522854078,benign,True,
833,0,-606918.4329851357,benign,True,
834,0,-222081.81866257917,benign,True,
835,0,673143.8049390668,benign,True,
836,0,488392.43588909897,benign,True,
837,1,369272.1233132382,ground,True,
838,1,-337092.5223193095,ground,True,
839,1,-433728.57012701593,ground,True,
840,1,-102576.38785388516,ground,True,
841,1,-64270.168225374415,ground,True,
842,1,-608689.1202613199,ground,True,
843,1,-153150.28854518916,ground,True,
844,1,-631394.2392898238,ground,True,
845,1,539887.5910472192,ground,True,
846,1,58895.20250402143,ground,True,
847,1,292615.37927172263,ground,True,
848,1,-556389.298404532,ground,True,
849,1,583518.7502198829,ground,True,
850,1,-453012.9553294003,ground,True,
851,1,-484384.54481207335,ground,True,
852,1,-351687.2433308074,ground,True,
853,1,572972.9044952188,ground,True,
854,1,-322703.1959048493,ground,True,
855,1,-350335.83022130927,ground,True,
856,1,718355.9705523327,ground,True,
857,1,32585.062447169657,ground,True,
858,1,-83748.33861012386,ground,True,
859,1,-25117.58369789013,ground,True,
860,1,-312731.9786529834,ground,True,
861,1,325781.57067646226,ground,True,
862,1,622452.0238269153,ground,True,
863,1,628140.2025863926,ground,True,
864,1,-503985.87663783814,ground,True,
865,1,-264083.02972277335,ground,True,
866,1,334909.95331407205,ground,True,
867,1,622117.9169481735,ground,True,
868,0,254267.45489543365,benign,True,
869,0,453711.82539377065,benign,True,
870,0,-628200.1063289145,benign,True,
871,0,605.9468146648313,benign,True,
872,0,-244614.84091611617,benign,True,
873,0,166216.0586227373,benign,True,
874,0,44903.08238899499,benign,True,
875,0,555122.5469999098,benign,True,
876,0,-602344.974630454,benign,True,
877,0,457476.4643128749,benign,True,
878,0,-334354.7008646794,benign,True,
879,0,-285181.1119222827,benign,True,
880,0,-634776.1822279053,benign,True,
881,0,364022.636101973,benign,True,
882,0,6298.354671881432,benign,True,
883,0,-314438.74539790023,benign,True,
884,0,-457307.73435050406,benign,True,
885,0,634048.2596392782,benign,True,
886,0,-395597.2526594934,benign,True,
887,0,132797.22206762098,benign,True,
888,0,180797.15507759192,benign,True,
889,0,36386.39272308606,benign,True,
890,0,-96502.3595403064,benign,True,
891,0,35647.04834188991,benign,True,
892,0,516676.17531634326,benign,True,
893,0,-122803.68497458013,benign,True,
894,0,403697.2648511385,benign,True,
895,0,64007.71144395118,benign,True,
896,0,-559963.5885607117,benign,True,
897,0,-407528.24559240346,benign,True,
898,0,366477.5419354201,benign,True,
899,1,468745.16095939453,ground,True,
900,1,-668007.5085154927,ground,True,
901,1,-50108.8295958905,ground,True,
902,1,-105998.0568760692,ground,True,
903,1,126134.10525737015,ground,True,
904,1,-100250.07469694052,ground,True,
905,1,-420080.22266841447,ground,True,
906,1,-101048.91494397969,ground,True,
907,1,-365852.685761872,ground,True,
908,1,191009.13850264216,ground,True,
909,1,-408969.5960180955,ground,True,
910,1,455570.4617609995,ground,True,
911,1,567438.7848070236,ground,True,
912,1,-315746.8919288029,ground,True,
913,1,-642307.6904125947,ground,True,
914,1,-598434.742715375,ground,True,
915,1,-104311.19945183399,ground,True,
916,1,-413688.2278537861,ground,True,
917,1,-697708.5924659255,ground,True,
918,1,290456.66128791275,ground,True,
919,1,-161727.26952080298,ground,True,
920,1,2831.2604776813096,ground,True,
921,1,71054.94589719793,ground,True,
922,1,276603.6351428859,ground,True,
923,1,38768.45948856061,ground,True,
924,1,-521327.36814757466,ground,True,
925,1,613523.2446212777,ground,True,
926,1,-479011.5552059103,ground,True,
927,1,428558.3616034986,ground,True,
928,1,513537.9603500426,ground,True,
929,1,520750.1778694091,ground,True,
930,0,-320214.8938663845,benign,True,
931,0,-313121.6185016698,benign,True,
932,0,158597.7103364204,benign,True,
933,0,-467447.05545815866,benign,True,
934,0,-191672.41173000532,benign,True,
935,0,27822.620257566577,benign,True,
936,0,-376307.9053537663,benign,True,
937,0,83216.92984104459,benign,True,
938,0,-638906.8342138927,benign,True,
939,0,-208451.18080285392,benign,True,
940,0,-313569.3733261598,benign,True,
941,0,-655657.8833960664,benign,True,
942,0,82082.0866848949,benign,True,
943,0,-629518.0717751054,benign,True,
944,0,-87603.05836102102,benign,True,
945,0,568111.2189712113,benign,True,
946,0,598848.5445223785,benign,True,
947,0,13140.175008101638,benign,True,
948,0,409480.8624023706,benign,True,
949,0,546087.4217091869,benign,True,
950,0,-212779.54165323026,benign,True,
951,0,-512655.03959701466,benign,True,
952,0,421547.39418331865,benign,True,
953,0,-294410.0165099635,benign,True,
954,0,-125425.22687942104,benign,True,
955,0,434144.66002832487,benign,True,
956,0,538195.1649486375,benign,True,
957,0,576055.3521186868,benign,True,
958,0,-512459.7292516032,benign,True,
959,0,-589169.6811302957,benign,True,
960,0,266567.0351333512,benign,True,
961,0,286369.2167152853,benign,True,
962,0,-88865.5918317113,benign,True,
963,0,469332.0432556392,benign,True,
964,0,-705188.3751441662,benign,True,
965,1,-240736.7732803399,ground,True,
966,1,-132202.38829289266,ground,True,
967,1,162818.4810870825,ground,True,
968,1,614494.7226747074,ground,True,
969,1,616050.1616649027,ground,True,
970,1,-64010.03376762529,ground,True,
971,1,-263425.067542314,ground,True,
972,1,-64848.144834121485,ground,True,
973,1,343262.82172810973,ground,True,
974,1,425069.9610498461,ground,True,
975,1,-254398.49062142317,ground,True,
976,1,663926.3494278487,ground,True,
977,1,-168087.74201056224,ground,True,
978,1,522934.17998685245,ground,True,
979,1,-530258.4546362059,ground,True,
980,1,-449440.7570073898,ground,True,
981,1,-357248.27636006626,ground,True,
982,1,-645205.1457711085,ground,True,
983,1,-2396.983852910852,ground,True,
984,1,-248237.52554935604,ground,True,
985,1,602021.7690806901,ground,True,
986,1,383235.9500890071,ground,True,
987,1,258956.21953837966,ground,True,
988,1,-468883.60221193306,ground,True,
989,1,-290493.4082864796,ground,True,
990,1,158823.85527621568,ground,True,
991,1,-244199.23623856826,ground,True,
992,1,-633546.9817037688,ground,True,
993,1,577614.2288288759,ground,True,
994,1,221564.4394457908,ground,True,
995,1,156600.82585715494,ground,True,
996,1,176139.29509884177,ground,True,
997,1,-628722.5121812966,ground,True,
998,1,-509068.8773032972,ground,True,
999,1,-5051.047960552931,ground,True,
