sample_idx,label,insider_mode,snr_db,covert_amp,doppler_scale,doppler_hz,pattern,subband_mode,power_before,power_after,power_diff_pct,power_preserving,injection_info,fd_ul,fd_dl,G_r_mean,delay_samples,snr_ul,snr_dl,h_true_dl,csi_nmse_db,csi_nmse_real_db,csi_pilot_mse,csi_noise_variance,csi_P_H,csi_fd_max_used,csi_tau_rms_used,csi_lmmse_win_t,csi_lmmse_win_f,csi_delay_comp_samples,csi_phase_comp_deg,csi_quality_label,csi_fusion_weight,eq_alpha,eq_snr_db,eq_snr_raw_db,eq_snr_improvement_db,alpha_ratio,h_power_mean,signal_power_raw,noise_power_constant,snr_raw_linear,snr_eq_linear,eq_blend_factor,eq_pattern_preservation,flag_csi_fail,pattern_indices_source,target_subcarriers_count
0,1,ground,15.0,0.5,1.0,-252729.88580158728,fixed,mid,1.0137498378753662,1.0137498378753662,0.0,True,"{'pattern': 'fixed', 'subband_mode': 'mid', 'selected_subcarriers': [24, 25, 26, 27, 28, 29, 30, 31, 32, 33, 34, 35, 36, 37, 38, 39], 'selected_symbols': [0, 1, 2, 3], 'selected_subcarriers_per_symbol': None, 'num_covert_subs': 16, 'num_covert_syms': 4, 'covert_amp': 0.5, 'power_preserving': True, 'orig_power': 1.0137498378753662, 'after_inject_power': 1.0137498378753662, 'power_diff_pct': 0.0}",-361959.98033859464,-252729.88580158728,8.0219087600708,5,15.0,15.0,"[[-0.01412453-0.07539757j]
 [-0.01412454-0.07539752j]
 [-0.01412453-0.0753975j ]
 [-0.01412451-0.07539749j]
 [-0.0141245 -0.07539751j]
 [-0.01412451-0.07539751j]
 [-0.01412451-0.07539751j]
 [-0.01412451-0.07539751j]
 [-0.01412451-0.07539749j]
 [-0.01412451-0.0753975j ]
 [-0.01412451-0.07539751j]
 [-0.0141245 -0.07539751j]
 [-0.01412451-0.07539752j]
 [-0.01412452-0.07539751j]
 [-0.01412451-0.07539751j]
 [-0.01412451-0.0753975j ]
 [-0.01412451-0.07539749j]
 [-0.0141245 -0.0753975j ]
 [-0.0141245 -0.07539751j]
 [-0.01412452-0.07539751j]
 [-0.01412454-0.0753975j ]
 [-0.01412451-0.07539748j]
 [-0.0141245 -0.07539749j]
 [-0.01412451-0.07539751j]
 [-0.01412451-0.07539748j]
 [-0.01412452-0.07539748j]
 [-0.01412452-0.07539752j]
 [-0.0141245 -0.07539751j]
 [-0.01412452-0.07539751j]
 [-0.0141245 -0.07539749j]
 [-0.01412451-0.0753975j ]
 [-0.01412452-0.07539748j]
 [-0.01412452-0.07539751j]
 [-0.01412451-0.07539751j]
 [-0.0141245 -0.0753975j ]
 [-0.01412452-0.07539751j]
 [-0.0141245 -0.07539752j]
 [-0.01412451-0.07539751j]
 [-0.01412451-0.07539751j]
 [-0.01412451-0.07539751j]
 [-0.01412451-0.07539749j]
 [-0.01412452-0.07539749j]
 [-0.01412452-0.07539749j]
 [-0.01412451-0.07539748j]
 [-0.01412449-0.07539749j]
 [-0.0141245 -0.07539751j]
 [-0.01412451-0.07539751j]
 [-0.01412451-0.07539749j]
 [-0.01412451-0.0753975j ]
 [-0.01412451-0.07539749j]
 [-0.01412451-0.07539751j]
 [-0.01412451-0.07539751j]
 [-0.01412451-0.07539751j]
 [-0.0141245 -0.07539751j]
 [-0.01412452-0.07539751j]
 [-0.01412451-0.07539748j]
 [-0.01412451-0.07539748j]
 [-0.01412452-0.07539748j]
 [-0.01412452-0.07539751j]
 [-0.01412451-0.07539751j]
 [-0.01412452-0.07539751j]
 [-0.01412452-0.07539749j]
 [-0.01412449-0.07539749j]
 [-0.01412448-0.07539755j]]",,,2.1013660977890445,0.21013660977890447,0.9038345906011174,361959.98033859464,2e-06,5.0,11.0,5.0,6.594532248980929,bad,0.0,2.101366097789045,17.464037634584205,-13.784585554304439,31.248623188888644,2.324945426564699,0.9038345906011174,0.0013229439500719309,0.0316227766016828,0.04183516098835216,55.770400524098676,1.0,0.5245124200417088,0,injection_info,16
1,1,ground,15.0,0.5,1.0,-610626.2785874852,fixed,mid,1.0299999713897705,1.0299999713897705,0.0,True,"{'pattern': 'fixed', 'subband_mode': 'mid', 'selected_subcarriers': [24, 25, 26, 27, 28, 29, 30, 31, 32, 33, 34, 35, 36, 37, 38, 39], 'selected_symbols': [0, 1, 2, 3], 'selected_subcarriers_per_symbol': None, 'num_covert_subs': 16, 'num_covert_syms': 4, 'covert_amp': 0.5, 'power_preserving': True, 'orig_power': 1.0299999713897705, 'after_inject_power': 1.0299999713897705, 'power_diff_pct': 0.0}",-591245.5259240335,-610626.2785874852,8.063820838928223,4,15.0,15.0,"[[-0.01749494-0.00277446j]
 [-0.01749494-0.00277444j]
 [-0.01749493-0.00277446j]
 [-0.01749493-0.00277448j]
 [-0.01749493-0.00277446j]
 [-0.01749494-0.00277445j]
 [-0.01749492-0.00277446j]
 [-0.01749492-0.00277445j]
 [-0.01749493-0.00277446j]
 [-0.01749493-0.00277445j]
 [-0.01749493-0.00277446j]
 [-0.01749494-0.00277446j]
 [-0.01749493-0.00277445j]
 [-0.01749494-0.00277445j]
 [-0.01749493-0.00277445j]
 [-0.01749493-0.00277445j]
 [-0.01749493-0.00277447j]
 [-0.01749493-0.00277446j]
 [-0.01749494-0.00277446j]
 [-0.01749493-0.00277447j]
 [-0.01749493-0.00277445j]
 [-0.01749493-0.00277447j]
 [-0.01749492-0.00277446j]
 [-0.01749493-0.00277445j]
 [-0.01749493-0.00277445j]
 [-0.01749493-0.00277445j]
 [-0.01749494-0.00277446j]
 [-0.01749493-0.00277445j]
 [-0.01749493-0.00277445j]
 [-0.01749493-0.00277446j]
 [-0.01749493-0.00277446j]
 [-0.01749493-0.00277445j]
 [-0.01749492-0.00277446j]
 [-0.01749494-0.00277446j]
 [-0.01749493-0.00277446j]
 [-0.01749492-0.00277446j]
 [-0.01749493-0.00277446j]
 [-0.01749493-0.00277445j]
 [-0.01749493-0.00277446j]
 [-0.01749492-0.00277445j]
 [-0.01749493-0.00277446j]
 [-0.01749493-0.00277447j]
 [-0.01749493-0.00277446j]
 [-0.01749493-0.00277447j]
 [-0.01749493-0.00277447j]
 [-0.01749494-0.00277446j]
 [-0.01749494-0.00277445j]
 [-0.01749492-0.00277447j]
 [-0.01749493-0.00277446j]
 [-0.01749493-0.00277446j]
 [-0.01749494-0.00277445j]
 [-0.01749493-0.00277446j]
 [-0.01749494-0.00277447j]
 [-0.01749494-0.00277446j]
 [-0.01749492-0.00277447j]
 [-0.01749493-0.00277446j]
 [-0.01749493-0.00277448j]
 [-0.01749493-0.00277445j]
 [-0.01749494-0.00277447j]
 [-0.01749493-0.00277445j]
 [-0.01749493-0.00277446j]
 [-0.01749493-0.00277446j]
 [-0.01749492-0.00277446j]
 [-0.01749494-0.00277447j]]",,,0.5987632049919496,0.05987632049919496,0.2840660589691386,610626.2785874852,2e-06,5.0,11.0,4.0,2.2635110553785185,bad,0.0,0.5987632049919496,5.540873102958855,-34.459126897041145,40.0,2.1078308586560146,0.2840660589691386,1.1326280400680844e-05,0.0316227766016828,0.0003581684348274449,17.247959490508176,1.0,0.4226631696697288,0,injection_info,16
2,1,ground,15.0,0.5,1.0,-196128.4673318314,fixed,mid,0.9987499117851257,0.9987500309944153,1.1935849820261008e-05,True,"{'pattern': 'fixed', 'subband_mode': 'mid', 'selected_subcarriers': [24, 25, 26, 27, 28, 29, 30, 31, 32, 33, 34, 35, 36, 37, 38, 39], 'selected_symbols': [0, 1, 2, 3], 'selected_subcarriers_per_symbol': None, 'num_covert_subs': 16, 'num_covert_syms': 4, 'covert_amp': 0.5, 'power_preserving': True, 'orig_power': 0.9987499117851257, 'after_inject_power': 0.9987500309944153, 'power_diff_pct': 1.1935849820261008e-05}",-381395.447195087,-196128.4673318314,8.03827953338623,4,15.0,15.0,"[[-0.0747439 +0.04189644j]
 [-0.07474388+0.04189645j]
 [-0.07474384+0.04189643j]
 [-0.07474385+0.04189639j]
 [-0.07474387+0.04189639j]
 [-0.07474387+0.0418964j ]
 [-0.07474385+0.0418964j ]
 [-0.07474385+0.04189641j]
 [-0.07474387+0.0418964j ]
 [-0.07474385+0.0418964j ]
 [-0.07474387+0.0418964j ]
 [-0.07474387+0.04189642j]
 [-0.07474386+0.04189641j]
 [-0.07474385+0.04189641j]
 [-0.07474385+0.04189641j]
 [-0.07474387+0.0418964j ]
 [-0.07474385+0.0418964j ]
 [-0.07474385+0.0418964j ]
 [-0.07474388+0.04189641j]
 [-0.07474387+0.04189642j]
 [-0.07474384+0.04189643j]
 [-0.07474383+0.0418964j ]
 [-0.07474387+0.04189639j]
 [-0.07474387+0.0418964j ]
 [-0.07474386+0.04189641j]
 [-0.07474385+0.0418964j ]
 [-0.07474387+0.04189641j]
 [-0.07474387+0.04189641j]
 [-0.07474386+0.04189641j]
 [-0.07474386+0.0418964j ]
 [-0.07474386+0.04189641j]
 [-0.07474385+0.0418964j ]
 [-0.07474385+0.0418964j ]
 [-0.07474385+0.0418964j ]
 [-0.07474385+0.0418964j ]
 [-0.07474387+0.0418964j ]
 [-0.07474384+0.0418964j ]
 [-0.07474386+0.04189641j]
 [-0.07474386+0.0418964j ]
 [-0.07474387+0.04189641j]
 [-0.07474385+0.04189641j]
 [-0.07474385+0.04189641j]
 [-0.07474385+0.0418964j ]
 [-0.07474384+0.0418964j ]
 [-0.07474385+0.0418964j ]
 [-0.07474385+0.0418964j ]
 [-0.07474384+0.04189643j]
 [-0.07474385+0.04189642j]
 [-0.07474385+0.0418964j ]
 [-0.07474385+0.0418964j ]
 [-0.07474385+0.0418964j ]
 [-0.07474385+0.0418964j ]
 [-0.07474388+0.04189641j]
 [-0.07474387+0.04189641j]
 [-0.07474387+0.0418964j ]
 [-0.07474386+0.04189641j]
 [-0.07474385+0.0418964j ]
 [-0.07474385+0.0418964j ]
 [-0.07474387+0.0418964j ]
 [-0.07474387+0.04189641j]
 [-0.07474385+0.04189642j]
 [-0.07474385+0.0418964j ]
 [-0.07474387+0.0418964j ]
 [-0.0747439 +0.0418964j ]]",,,1.9371331189771395,0.19371331189771396,0.8954564136788228,381395.447195087,2e-06,5.0,11.0,4.0,0.6466823342482395,bad,0.0,1.9371331189771395,17.489618165754976,-15.411148104431673,32.90076627018665,2.1632913555432296,0.8954564136788228,0.0009096727590076625,0.0316227766016828,0.028766378437827884,56.099865053511785,1.0,0.5283810673042764,0,injection_info,16
3,1,ground,15.0,0.5,1.0,354263.746958341,fixed,mid,1.00124990940094,1.0012497901916504,1.190604747439993e-05,True,"{'pattern': 'fixed', 'subband_mode': 'mid', 'selected_subcarriers': [24, 25, 26, 27, 28, 29, 30, 31, 32, 33, 34, 35, 36, 37, 38, 39], 'selected_symbols': [0, 1, 2, 3], 'selected_subcarriers_per_symbol': None, 'num_covert_subs': 16, 'num_covert_syms': 4, 'covert_amp': 0.5, 'power_preserving': True, 'orig_power': 1.00124990940094, 'after_inject_power': 1.0012497901916504, 'power_diff_pct': 1.190604747439993e-05}",715228.1203050187,354263.746958341,8.041618347167969,4,15.0,15.0,"[[-0.0226882 +0.14063238j]
 [-0.02268814+0.14063235j]
 [-0.02268814+0.14063227j]
 [-0.0226882 +0.14063226j]
 [-0.02268821+0.14063227j]
 [-0.0226882 +0.14063229j]
 [-0.02268821+0.14063227j]
 [-0.0226882 +0.14063227j]
 [-0.02268817+0.14063227j]
 [-0.02268817+0.14063227j]
 [-0.0226882 +0.14063229j]
 [-0.0226882 +0.14063229j]
 [-0.02268818+0.14063229j]
 [-0.02268817+0.14063227j]
 [-0.0226882 +0.14063229j]
 [-0.02268821+0.14063227j]
 [-0.0226882 +0.14063226j]
 [-0.0226882 +0.14063227j]
 [-0.02268821+0.14063229j]
 [-0.02268817+0.14063227j]
 [-0.02268815+0.14063226j]
 [-0.02268817+0.14063224j]
 [-0.02268821+0.14063226j]
 [-0.0226882 +0.14063227j]
 [-0.02268818+0.14063227j]
 [-0.02268818+0.14063227j]
 [-0.02268821+0.14063229j]
 [-0.0226882 +0.1406323j ]
 [-0.02268819+0.14063229j]
 [-0.0226882 +0.14063229j]
 [-0.02268819+0.14063227j]
 [-0.02268818+0.14063227j]
 [-0.02268819+0.14063226j]
 [-0.02268819+0.14063227j]
 [-0.02268821+0.14063229j]
 [-0.0226882 +0.14063227j]
 [-0.0226882 +0.14063229j]
 [-0.02268819+0.1406323j ]
 [-0.02268818+0.14063229j]
 [-0.0226882 +0.14063227j]
 [-0.02268819+0.14063227j]
 [-0.02268817+0.14063227j]
 [-0.02268817+0.14063227j]
 [-0.02268818+0.14063224j]
 [-0.02268821+0.14063226j]
 [-0.02268821+0.14063229j]
 [-0.02268818+0.14063229j]
 [-0.02268817+0.14063227j]
 [-0.02268818+0.14063227j]
 [-0.02268818+0.14063227j]
 [-0.02268819+0.14063227j]
 [-0.02268821+0.14063227j]
 [-0.02268822+0.1406323j ]
 [-0.0226882 +0.1406323j ]
 [-0.02268819+0.14063229j]
 [-0.0226882 +0.14063227j]
 [-0.02268818+0.14063227j]
 [-0.02268816+0.14063227j]
 [-0.0226882 +0.14063229j]
 [-0.0226882 +0.1406323j ]
 [-0.02268817+0.14063229j]
 [-0.02268818+0.14063227j]
 [-0.02268822+0.14063227j]
 [-0.02268822+0.14063232j]]",,,1.7237122804835117,0.17237122804835117,0.8728731003955932,715228.1203050187,2e-06,5.0,11.0,4.0,4.792012847118557,bad,0.0,1.7237122804835117,17.14146173541743,-16.876064225580244,34.01752596099767,1.974757017603488,0.8728731003955932,0.0006492225220426917,0.0316227766016828,0.020530218778689196,51.77810758362583,1.0,0.480101584557779,0,injection_info,16
4,1,ground,15.0,0.5,1.0,-332797.8256155562,fixed,mid,0.9799998998641968,0.9799998998641968,0.0,True,"{'pattern': 'fixed', 'subband_mode': 'mid', 'selected_subcarriers': [24, 25, 26, 27, 28, 29, 30, 31, 32, 33, 34, 35, 36, 37, 38, 39], 'selected_symbols': [0, 1, 2, 3], 'selected_subcarriers_per_symbol': None, 'num_covert_subs': 16, 'num_covert_syms': 4, 'covert_amp': 0.5, 'power_preserving': True, 'orig_power': 0.9799998998641968, 'after_inject_power': 0.9799998998641968, 'power_diff_pct': 0.0}",-393125.63849823154,-332797.8256155562,8.022137641906738,5,15.0,15.0,"[[0.07477874-0.02991595j]
 [0.07477871-0.02991597j]
 [0.07477867-0.02991595j]
 [0.07477866-0.02991593j]
 [0.07477869-0.02991592j]
 [0.07477868-0.02991593j]
 [0.07477868-0.02991594j]
 [0.07477868-0.02991593j]
 [0.07477868-0.02991593j]
 [0.07477868-0.02991593j]
 [0.07477868-0.02991594j]
 [0.07477869-0.02991594j]
 [0.07477868-0.02991595j]
 [0.07477868-0.02991594j]
 [0.07477868-0.02991593j]
 [0.07477869-0.02991593j]
 [0.07477868-0.02991592j]
 [0.07477868-0.02991592j]
 [0.07477869-0.02991592j]
 [0.07477868-0.02991595j]
 [0.07477867-0.02991594j]
 [0.07477865-0.02991592j]
 [0.07477868-0.02991591j]
 [0.07477868-0.02991593j]
 [0.07477868-0.02991593j]
 [0.07477868-0.02991593j]
 [0.07477869-0.02991594j]
 [0.07477868-0.02991594j]
 [0.07477868-0.02991594j]
 [0.07477868-0.02991594j]
 [0.07477867-0.02991594j]
 [0.07477868-0.02991593j]
 [0.07477866-0.02991592j]
 [0.07477868-0.02991593j]
 [0.07477869-0.02991593j]
 [0.07477868-0.02991594j]
 [0.07477869-0.02991594j]
 [0.07477869-0.02991594j]
 [0.07477867-0.02991593j]
 [0.07477868-0.02991593j]
 [0.07477868-0.02991593j]
 [0.07477868-0.02991594j]
 [0.07477868-0.02991594j]
 [0.07477867-0.02991592j]
 [0.07477868-0.02991592j]
 [0.07477868-0.02991592j]
 [0.07477869-0.02991595j]
 [0.07477867-0.02991595j]
 [0.07477868-0.02991593j]
 [0.07477869-0.02991594j]
 [0.07477869-0.02991593j]
 [0.07477869-0.02991593j]
 [0.07477868-0.02991593j]
 [0.07477869-0.02991594j]
 [0.07477869-0.02991594j]
 [0.07477868-0.02991593j]
 [0.07477868-0.02991593j]
 [0.07477868-0.02991593j]
 [0.07477868-0.02991593j]
 [0.07477867-0.02991594j]
 [0.07477869-0.02991594j]
 [0.07477867-0.02991595j]
 [0.0747787 -0.02991593j]
 [0.07477872-0.02991593j]]",,,2.1486385396009204,0.21486385396009205,0.9379583784958493,393125.63849823154,2e-06,5.0,11.0,5.0,11.781253152864643,bad,0.0,2.1486385396009204,17.754555324415385,-12.133760318998785,29.88831564341417,2.2907610709193413,0.9379583784958493,0.0019347460474818945,0.0316227766016828,0.061182042038577834,59.628726265442445,1.0,0.48405504233321167,0,injection_info,16
5,1,ground,15.0,0.5,1.0,155142.74207936632,fixed,mid,1.0137498378753662,1.0137498378753662,0.0,True,"{'pattern': 'fixed', 'subband_mode': 'mid', 'selected_subcarriers': [24, 25, 26, 27, 28, 29, 30, 31, 32, 33, 34, 35, 36, 37, 38, 39], 'selected_symbols': [0, 1, 2, 3], 'selected_subcarriers_per_symbol': None, 'num_covert_subs': 16, 'num_covert_syms': 4, 'covert_amp': 0.5, 'power_preserving': True, 'orig_power': 1.0137498378753662, 'after_inject_power': 1.0137498378753662, 'power_diff_pct': 0.0}",504931.8238203722,155142.74207936632,8.021614074707031,5,15.0,15.0,"[[0.06826448+0.06389043j]
 [0.06826448+0.0638904j ]
 [0.06826444+0.0638904j ]
 [0.06826441+0.0638904j ]
 [0.06826442+0.06389042j]
 [0.06826444+0.06389042j]
 [0.06826442+0.0638904j ]
 [0.06826441+0.06389041j]
 [0.06826444+0.0638904j ]
 [0.06826442+0.0638904j ]
 [0.06826444+0.06389041j]
 [0.06826444+0.06389041j]
 [0.06826442+0.0638904j ]
 [0.06826443+0.0638904j ]
 [0.06826442+0.06389041j]
 [0.06826443+0.06389041j]
 [0.06826442+0.0638904j ]
 [0.06826441+0.06389041j]
 [0.06826442+0.0638904j ]
 [0.06826444+0.0638904j ]
 [0.06826443+0.06389038j]
 [0.06826441+0.0638904j ]
 [0.06826441+0.0638904j ]
 [0.06826442+0.0638904j ]
 [0.06826443+0.0638904j ]
 [0.06826442+0.06389041j]
 [0.06826442+0.0638904j ]
 [0.06826444+0.06389042j]
 [0.06826443+0.06389042j]
 [0.06826443+0.06389041j]
 [0.06826443+0.0638904j ]
 [0.06826443+0.0638904j ]
 [0.06826442+0.06389041j]
 [0.06826442+0.0638904j ]
 [0.06826442+0.0638904j ]
 [0.06826443+0.06389041j]
 [0.06826442+0.06389042j]
 [0.06826443+0.0638904j ]
 [0.06826444+0.0638904j ]
 [0.06826441+0.0638904j ]
 [0.06826442+0.0638904j ]
 [0.06826442+0.0638904j ]
 [0.06826443+0.0638904j ]
 [0.06826441+0.0638904j ]
 [0.0682644 +0.06389041j]
 [0.0682644 +0.06389041j]
 [0.06826444+0.0638904j ]
 [0.06826445+0.0638904j ]
 [0.06826443+0.06389039j]
 [0.06826443+0.0638904j ]
 [0.06826443+0.0638904j ]
 [0.06826442+0.0638904j ]
 [0.06826442+0.06389041j]
 [0.06826443+0.06389042j]
 [0.06826444+0.0638904j ]
 [0.06826442+0.0638904j ]
 [0.06826442+0.0638904j ]
 [0.06826442+0.0638904j ]
 [0.06826442+0.06389041j]
 [0.06826444+0.06389041j]
 [0.06826444+0.0638904j ]
 [0.06826444+0.0638904j ]
 [0.06826442+0.06389042j]
 [0.06826443+0.06389045j]]",,,1.4909780328087017,0.14909780328087016,0.7616410331722864,504931.8238203722,2e-06,5.0,11.0,5.0,18.819868552727364,bad,0.0,1.4909780328087017,16.625083071647108,-20.959470364565547,37.58455343621266,1.9575862747292874,0.7616410331722864,0.0002535437815822661,0.0316227766016828,0.008017758363468819,45.97357822514828,1.0,0.5280126700426055,0,injection_info,16
6,1,ground,15.0,0.5,1.0,105743.23370829472,fixed,mid,0.994999885559082,0.9950000047683716,1.1980834498657129e-05,True,"{'pattern': 'fixed', 'subband_mode': 'mid', 'selected_subcarriers': [24, 25, 26, 27, 28, 29, 30, 31, 32, 33, 34, 35, 36, 37, 38, 39], 'selected_symbols': [0, 1, 2, 3], 'selected_subcarriers_per_symbol': None, 'num_covert_subs': 16, 'num_covert_syms': 4, 'covert_amp': 0.5, 'power_preserving': True, 'orig_power': 0.994999885559082, 'after_inject_power': 0.9950000047683716, 'power_diff_pct': 1.1980834498657129e-05}",432835.7396078069,105743.23370829472,8.0698881149292,5,15.0,15.0,"[[0.03502451-0.0601237j ]
 [0.03502449-0.0601237j ]
 [0.03502448-0.06012367j]
 [0.0350245 -0.06012367j]
 [0.0350245 -0.06012367j]
 [0.03502449-0.06012368j]
 [0.03502449-0.06012367j]
 [0.03502449-0.06012367j]
 [0.03502449-0.06012367j]
 [0.03502449-0.06012367j]
 [0.03502449-0.06012367j]
 [0.03502449-0.06012368j]
 [0.03502449-0.06012368j]
 [0.03502449-0.06012367j]
 [0.03502449-0.06012368j]
 [0.03502449-0.06012367j]
 [0.0350245 -0.06012367j]
 [0.03502449-0.06012366j]
 [0.03502451-0.06012367j]
 [0.0350245 -0.06012367j]
 [0.03502447-0.06012367j]
 [0.03502448-0.06012366j]
 [0.0350245 -0.06012367j]
 [0.03502449-0.06012367j]
 [0.03502449-0.06012367j]
 [0.03502449-0.06012367j]
 [0.0350245 -0.06012367j]
 [0.03502449-0.06012369j]
 [0.03502449-0.06012368j]
 [0.03502449-0.06012367j]
 [0.03502449-0.06012367j]
 [0.03502449-0.06012367j]
 [0.03502449-0.06012367j]
 [0.03502449-0.06012366j]
 [0.03502448-0.06012367j]
 [0.03502449-0.06012368j]
 [0.03502448-0.06012367j]
 [0.0350245 -0.06012368j]
 [0.0350245 -0.06012367j]
 [0.03502449-0.06012367j]
 [0.03502449-0.06012367j]
 [0.03502449-0.06012367j]
 [0.03502448-0.06012367j]
 [0.03502448-0.06012366j]
 [0.03502451-0.06012365j]
 [0.03502451-0.06012366j]
 [0.0350245 -0.06012368j]
 [0.03502448-0.06012367j]
 [0.03502449-0.06012367j]
 [0.03502449-0.06012367j]
 [0.03502449-0.06012367j]
 [0.0350245 -0.06012367j]
 [0.0350245 -0.06012368j]
 [0.03502449-0.06012367j]
 [0.03502449-0.06012368j]
 [0.03502449-0.06012367j]
 [0.03502449-0.06012367j]
 [0.03502449-0.06012367j]
 [0.03502449-0.06012367j]
 [0.03502449-0.06012368j]
 [0.03502449-0.06012367j]
 [0.03502449-0.06012367j]
 [0.03502449-0.06012367j]
 [0.03502452-0.06012368j]]",,,1.4590450684363507,0.14590450684363507,0.6677329636812221,432835.7396078069,2e-06,5.0,11.0,5.0,-11.43723565833453,bad,0.0,1.4590450684363507,15.576562952819554,-24.423437047180446,40.0,2.185072697912969,0.6677329636812221,0.00011419742077123374,0.0316227766016828,0.003611239525423125,41.95411815938189,1.0,0.5160908695393435,0,injection_info,16
7,1,ground,15.0,0.5,1.0,331210.3287794166,fixed,mid,0.963749885559082,0.9637497663497925,1.236931815369326e-05,True,"{'pattern': 'fixed', 'subband_mode': 'mid', 'selected_subcarriers': [24, 25, 26, 27, 28, 29, 30, 31, 32, 33, 34, 35, 36, 37, 38, 39], 'selected_symbols': [0, 1, 2, 3], 'selected_subcarriers_per_symbol': None, 'num_covert_subs': 16, 'num_covert_syms': 4, 'covert_amp': 0.5, 'power_preserving': True, 'orig_power': 0.963749885559082, 'after_inject_power': 0.9637497663497925, 'power_diff_pct': 1.236931815369326e-05}",576909.4802092083,331210.3287794166,8.015287399291992,3,15.0,15.0,"[[-0.00122603-0.00099959j]
 [-0.00122603-0.00099957j]
 [-0.00122604-0.00099958j]
 [-0.00122605-0.00099956j]
 [-0.00122604-0.00099957j]
 [-0.00122604-0.00099956j]
 [-0.00122604-0.00099956j]
 [-0.00122605-0.00099958j]
 [-0.00122605-0.00099958j]
 [-0.00122604-0.00099957j]
 [-0.00122604-0.00099956j]
 [-0.00122604-0.00099956j]
 [-0.00122603-0.00099956j]
 [-0.00122604-0.00099956j]
 [-0.00122605-0.00099957j]
 [-0.00122604-0.00099955j]
 [-0.00122605-0.00099956j]
 [-0.00122604-0.00099955j]
 [-0.00122605-0.00099955j]
 [-0.00122604-0.00099958j]
 [-0.00122604-0.00099958j]
 [-0.00122603-0.00099955j]
 [-0.00122603-0.00099957j]
 [-0.00122604-0.00099956j]
 [-0.00122605-0.00099957j]
 [-0.00122605-0.00099957j]
 [-0.00122604-0.00099957j]
 [-0.00122603-0.00099956j]
 [-0.00122604-0.00099956j]
 [-0.00122602-0.00099956j]
 [-0.00122603-0.00099957j]
 [-0.00122604-0.00099956j]
 [-0.00122603-0.00099957j]
 [-0.00122604-0.00099956j]
 [-0.00122605-0.00099957j]
 [-0.00122604-0.00099956j]
 [-0.00122604-0.00099957j]
 [-0.00122603-0.00099957j]
 [-0.00122603-0.00099956j]
 [-0.00122605-0.00099958j]
 [-0.00122604-0.00099957j]
 [-0.00122604-0.00099957j]
 [-0.00122604-0.00099958j]
 [-0.00122602-0.00099956j]
 [-0.00122605-0.00099957j]
 [-0.00122605-0.00099957j]
 [-0.00122603-0.00099957j]
 [-0.00122603-0.00099957j]
 [-0.00122605-0.00099958j]
 [-0.00122604-0.00099956j]
 [-0.00122604-0.00099956j]
 [-0.00122605-0.00099956j]
 [-0.00122604-0.00099956j]
 [-0.00122603-0.00099956j]
 [-0.00122604-0.00099956j]
 [-0.00122605-0.00099958j]
 [-0.00122605-0.00099956j]
 [-0.00122605-0.00099957j]
 [-0.00122604-0.00099955j]
 [-0.00122603-0.00099956j]
 [-0.00122603-0.00099957j]
 [-0.00122604-0.00099958j]
 [-0.00122605-0.00099957j]
 [-0.00122604-0.00099957j]]",,,,1e-12,2.67572517032022e-07,,,,,,,bad,0.0,0.316227766016828,-48.89904105292938,-50.812055063986506,1.913014011057129,1181839.4860746597,2.67572517032022e-07,2.6229767513541447e-07,0.0316227766016828,8.294580783686205e-06,1.2885339359734969e-05,1.0,0.353494793176651,1,injection_info,16
8,1,ground,15.0,0.5,1.0,-640278.9479858723,fixed,mid,0.9924999475479126,0.9924999475479126,0.0,True,"{'pattern': 'fixed', 'subband_mode': 'mid', 'selected_subcarriers': [24, 25, 26, 27, 28, 29, 30, 31, 32, 33, 34, 35, 36, 37, 38, 39], 'selected_symbols': [0, 1, 2, 3], 'selected_subcarriers_per_symbol': None, 'num_covert_subs': 16, 'num_covert_syms': 4, 'covert_amp': 0.5, 'power_preserving': True, 'orig_power': 0.9924999475479126, 'after_inject_power': 0.9924999475479126, 'power_diff_pct': 0.0}",-616657.6251726468,-640278.9479858723,8.049751281738281,3,15.0,15.0,"[[0.07123087+0.04045326j]
 [0.07123089+0.04045323j]
 [0.07123086+0.04045322j]
 [0.07123083+0.04045322j]
 [0.07123084+0.04045325j]
 [0.07123084+0.04045325j]
 [0.07123083+0.04045323j]
 [0.07123084+0.04045323j]
 [0.07123083+0.04045324j]
 [0.07123083+0.04045324j]
 [0.07123083+0.04045324j]
 [0.07123085+0.04045323j]
 [0.07123084+0.04045323j]
 [0.07123084+0.04045323j]
 [0.07123084+0.04045324j]
 [0.07123084+0.04045324j]
 [0.07123083+0.04045326j]
 [0.07123083+0.04045324j]
 [0.07123084+0.04045326j]
 [0.07123085+0.04045323j]
 [0.07123083+0.04045322j]
 [0.07123081+0.04045323j]
 [0.07123081+0.04045323j]
 [0.07123084+0.04045323j]
 [0.07123084+0.04045323j]
 [0.07123084+0.04045323j]
 [0.07123084+0.04045325j]
 [0.07123085+0.04045325j]
 [0.07123084+0.04045324j]
 [0.07123084+0.04045324j]
 [0.07123085+0.04045324j]
 [0.07123083+0.04045323j]
 [0.07123082+0.04045324j]
 [0.07123082+0.04045323j]
 [0.07123083+0.04045324j]
 [0.07123084+0.04045325j]
 [0.07123084+0.04045324j]
 [0.07123084+0.04045324j]
 [0.07123084+0.04045324j]
 [0.07123084+0.04045323j]
 [0.07123084+0.04045324j]
 [0.07123083+0.04045323j]
 [0.07123084+0.04045321j]
 [0.07123081+0.04045323j]
 [0.07123081+0.04045323j]
 [0.07123083+0.04045325j]
 [0.07123085+0.04045324j]
 [0.07123084+0.04045323j]
 [0.07123082+0.04045324j]
 [0.07123083+0.04045324j]
 [0.07123084+0.04045324j]
 [0.07123083+0.04045323j]
 [0.07123084+0.04045324j]
 [0.07123084+0.04045325j]
 [0.07123085+0.04045323j]
 [0.07123084+0.04045323j]
 [0.07123083+0.04045324j]
 [0.07123084+0.04045323j]
 [0.07123083+0.04045324j]
 [0.07123084+0.04045323j]
 [0.07123084+0.04045323j]
 [0.07123083+0.04045322j]
 [0.07123082+0.04045326j]
 [0.07123084+0.04045328j]]",,,1.4191585927653922,0.14191585927653924,0.63292418167497,640278.9479858723,2e-06,5.0,11.0,3.0,0.7332686610109107,bad,0.0,1.4191585927653925,14.51318486950045,-25.48681513049955,40.0,2.242225267819176,0.63292418167497,8.939608233049512e-05,0.0316227766016828,0.002826952340513672,38.916140769985795,1.0,0.39568224079314984,0,injection_info,16
9,1,ground,15.0,0.5,1.0,-344101.20147165435,fixed,mid,0.994999885559082,0.994999885559082,0.0,True,"{'pattern': 'fixed', 'subband_mode': 'mid', 'selected_subcarriers': [24, 25, 26, 27, 28, 29, 30, 31, 32, 33, 34, 35, 36, 37, 38, 39], 'selected_symbols': [0, 1, 2, 3], 'selected_subcarriers_per_symbol': None, 'num_covert_subs': 16, 'num_covert_syms': 4, 'covert_amp': 0.5, 'power_preserving': True, 'orig_power': 0.994999885559082, 'after_inject_power': 0.994999885559082, 'power_diff_pct': 0.0}",-575240.9066778758,-344101.20147165435,8.028083801269531,4,15.0,15.0,"[[0.06861783-0.00232162j]
 [0.06861782-0.00232164j]
 [0.06861778-0.00232162j]
 [0.06861778-0.0023216j ]
 [0.06861781-0.00232161j]
 [0.06861781-0.0023216j ]
 [0.0686178 -0.0023216j ]
 [0.06861779-0.0023216j ]
 [0.06861779-0.0023216j ]
 [0.06861778-0.00232161j]
 [0.06861779-0.0023216j ]
 [0.06861781-0.00232161j]
 [0.0686178 -0.00232161j]
 [0.0686178 -0.00232161j]
 [0.0686178 -0.0023216j ]
 [0.0686178 -0.0023216j ]
 [0.0686178 -0.0023216j ]
 [0.06861779-0.00232159j]
 [0.0686178 -0.0023216j ]
 [0.06861778-0.00232162j]
 [0.06861778-0.00232163j]
 [0.06861778-0.00232162j]
 [0.06861779-0.00232159j]
 [0.06861779-0.0023216j ]
 [0.06861778-0.0023216j ]
 [0.06861778-0.0023216j ]
 [0.06861779-0.0023216j ]
 [0.0686178 -0.0023216j ]
 [0.06861779-0.00232159j]
 [0.0686178 -0.0023216j ]
 [0.0686178 -0.00232161j]
 [0.06861778-0.00232161j]
 [0.06861778-0.0023216j ]
 [0.0686178 -0.0023216j ]
 [0.0686178 -0.0023216j ]
 [0.06861779-0.0023216j ]
 [0.06861779-0.0023216j ]
 [0.06861779-0.00232161j]
 [0.0686178 -0.00232163j]
 [0.06861779-0.0023216j ]
 [0.0686178 -0.0023216j ]
 [0.06861778-0.00232162j]
 [0.06861778-0.00232162j]
 [0.06861778-0.0023216j ]
 [0.06861778-0.00232159j]
 [0.0686178 -0.0023216j ]
 [0.0686178 -0.00232162j]
 [0.06861779-0.00232163j]
 [0.06861778-0.00232161j]
 [0.06861779-0.0023216j ]
 [0.06861779-0.0023216j ]
 [0.0686178 -0.0023216j ]
 [0.06861781-0.00232159j]
 [0.0686178 -0.0023216j ]
 [0.06861779-0.00232161j]
 [0.0686178 -0.00232159j]
 [0.06861778-0.00232161j]
 [0.06861778-0.0023216j ]
 [0.0686178 -0.0023216j ]
 [0.06861779-0.00232161j]
 [0.06861779-0.00232162j]
 [0.06861778-0.00232161j]
 [0.06861779-0.0023216j ]
 [0.06861783-0.00232159j]]",,,1.3862799801054144,0.13862799801054146,0.6076440987900984,575240.9066778758,2e-06,5.0,11.0,4.0,-4.256852826348755,bad,0.0,1.3862799801054146,14.69392603687615,-25.30607396312385,40.0,2.281401206505067,0.6076440987900984,9.319499804405496e-05,0.0316227766016828,0.002947084603448406,38.158038122437155,1.0,0.40788233294035725,0,injection_info,16
10,1,ground,15.0,0.5,1.0,-91795.87473116136,fixed,mid,1.0074999332427979,1.0074999332427979,0.0,True,"{'pattern': 'fixed', 'subband_mode': 'mid', 'selected_subcarriers': [24, 25, 26, 27, 28, 29, 30, 31, 32, 33, 34, 35, 36, 37, 38, 39], 'selected_symbols': [0, 1, 2, 3], 'selected_subcarriers_per_symbol': None, 'num_covert_subs': 16, 'num_covert_syms': 4, 'covert_amp': 0.5, 'power_preserving': True, 'orig_power': 1.0074999332427979, 'after_inject_power': 1.0074999332427979, 'power_diff_pct': 0.0}",-505714.7081926406,-91795.87473116136,8.121818542480469,4,15.0,15.0,"[[0.00262636-0.04106239j]
 [0.00262634-0.04106237j]
 [0.00262635-0.04106236j]
 [0.00262637-0.04106235j]
 [0.00262637-0.04106236j]
 [0.00262636-0.04106236j]
 [0.00262635-0.04106237j]
 [0.00262635-0.04106236j]
 [0.00262636-0.04106236j]
 [0.00262637-0.04106236j]
 [0.00262636-0.04106236j]
 [0.00262636-0.04106237j]
 [0.00262636-0.04106236j]
 [0.00262637-0.04106236j]
 [0.00262636-0.04106236j]
 [0.00262636-0.04106236j]
 [0.00262636-0.04106236j]
 [0.00262638-0.04106235j]
 [0.00262637-0.04106236j]
 [0.00262636-0.04106236j]
 [0.00262634-0.04106236j]
 [0.00262636-0.04106236j]
 [0.00262636-0.04106236j]
 [0.00262635-0.04106236j]
 [0.00262635-0.04106236j]
 [0.00262637-0.04106236j]
 [0.00262636-0.04106237j]
 [0.00262636-0.04106236j]
 [0.00262636-0.04106236j]
 [0.00262636-0.04106236j]
 [0.00262635-0.04106236j]
 [0.00262636-0.04106237j]
 [0.00262635-0.04106235j]
 [0.00262636-0.04106237j]
 [0.00262635-0.04106236j]
 [0.00262635-0.04106236j]
 [0.00262636-0.04106236j]
 [0.00262636-0.04106237j]
 [0.00262635-0.04106236j]
 [0.00262635-0.04106236j]
 [0.00262635-0.04106236j]
 [0.00262636-0.04106236j]
 [0.00262635-0.04106236j]
 [0.00262636-0.04106235j]
 [0.00262637-0.04106235j]
 [0.00262637-0.04106236j]
 [0.00262635-0.04106237j]
 [0.00262636-0.04106237j]
 [0.00262636-0.04106236j]
 [0.00262637-0.04106236j]
 [0.00262636-0.04106237j]
 [0.00262636-0.04106236j]
 [0.00262637-0.04106236j]
 [0.00262636-0.04106237j]
 [0.00262636-0.04106237j]
 [0.00262635-0.04106236j]
 [0.00262636-0.04106235j]
 [0.00262636-0.04106236j]
 [0.00262636-0.04106236j]
 [0.00262636-0.04106236j]
 [0.00262635-0.04106237j]
 [0.00262635-0.04106236j]
 [0.00262637-0.04106236j]
 [0.00262638-0.04106238j]]",,,0.9368970113624607,0.09368970113624608,0.4407798330739926,505714.7081926406,2e-06,5.0,11.0,4.0,8.14689580013934,bad,0.0,0.9368970113624608,8.13146833363718,-31.86853166636282,40.0,2.12554418569596,0.4407798330739926,2.0565857994370162e-05,0.0316227766016828,0.000650349532957375,27.11077623313445,1.0,0.5115793716563696,0,injection_info,16
11,1,ground,15.0,0.5,1.0,50260.71592761154,fixed,mid,0.9749999046325684,0.9749997854232788,1.2226594995984473e-05,True,"{'pattern': 'fixed', 'subband_mode': 'mid', 'selected_subcarriers': [24, 25, 26, 27, 28, 29, 30, 31, 32, 33, 34, 35, 36, 37, 38, 39], 'selected_symbols': [0, 1, 2, 3], 'selected_subcarriers_per_symbol': None, 'num_covert_subs': 16, 'num_covert_syms': 4, 'covert_amp': 0.5, 'power_preserving': True, 'orig_power': 0.9749999046325684, 'after_inject_power': 0.9749997854232788, 'power_diff_pct': 1.2226594995984473e-05}",232507.4340709156,50260.71592761154,8.028820037841797,5,15.0,15.0,"[[0.08332679+0.06209203j]
 [0.08332682+0.06209198j]
 [0.08332676+0.06209196j]
 [0.08332673+0.06209198j]
 [0.08332674+0.06209201j]
 [0.08332676+0.06209197j]
 [0.08332674+0.06209197j]
 [0.08332673+0.06209197j]
 [0.08332674+0.06209197j]
 [0.08332673+0.06209197j]
 [0.08332676+0.06209198j]
 [0.08332676+0.06209197j]
 [0.08332677+0.06209195j]
 [0.08332677+0.06209197j]
 [0.08332674+0.06209198j]
 [0.08332674+0.06209197j]
 [0.08332673+0.06209198j]
 [0.08332673+0.062092j  ]
 [0.08332674+0.06209198j]
 [0.08332676+0.06209197j]
 [0.08332674+0.06209194j]
 [0.08332673+0.06209196j]
 [0.08332673+0.06209199j]
 [0.08332674+0.06209198j]
 [0.08332674+0.06209197j]
 [0.08332675+0.06209197j]
 [0.08332674+0.06209199j]
 [0.08332675+0.06209197j]
 [0.08332676+0.06209198j]
 [0.08332676+0.06209196j]
 [0.08332675+0.06209197j]
 [0.08332676+0.06209197j]
 [0.08332672+0.06209196j]
 [0.08332673+0.06209197j]
 [0.08332674+0.06209197j]
 [0.08332674+0.06209197j]
 [0.08332674+0.06209197j]
 [0.08332677+0.06209197j]
 [0.08332678+0.06209197j]
 [0.08332674+0.06209198j]
 [0.08332673+0.06209198j]
 [0.08332676+0.06209197j]
 [0.08332676+0.06209196j]
 [0.08332671+0.06209195j]
 [0.08332671+0.06209199j]
 [0.08332674+0.06209201j]
 [0.08332676+0.06209196j]
 [0.08332676+0.06209197j]
 [0.08332676+0.06209196j]
 [0.08332676+0.06209196j]
 [0.08332674+0.06209195j]
 [0.08332674+0.06209198j]
 [0.08332674+0.06209199j]
 [0.08332676+0.06209198j]
 [0.08332676+0.06209198j]
 [0.08332674+0.06209196j]
 [0.08332674+0.06209197j]
 [0.08332676+0.06209197j]
 [0.08332676+0.06209197j]
 [0.08332676+0.06209197j]
 [0.08332676+0.06209198j]
 [0.08332676+0.06209196j]
 [0.08332673+0.06209201j]
 [0.08332675+0.06209204j]]",,,0.8412933672592088,0.08412933672592088,0.35385794764202994,232507.4340709156,2e-06,5.0,11.0,5.0,-12.62301908574697,bad,0.0,0.8412933672592088,7.118676791996904,-32.881323208003096,40.0,2.3774889694162775,0.35385794764202994,1.628799691388849e-05,0.0316227766016828,0.000515071687680539,22.287580897529864,1.0,0.5158601672057249,0,injection_info,16
12,1,ground,15.0,0.5,1.0,-436057.2780841367,fixed,mid,1.0575000047683716,1.057499885559082,1.1272746005970883e-05,True,"{'pattern': 'fixed', 'subband_mode': 'mid', 'selected_subcarriers': [24, 25, 26, 27, 28, 29, 30, 31, 32, 33, 34, 35, 36, 37, 38, 39], 'selected_symbols': [0, 1, 2, 3], 'selected_subcarriers_per_symbol': None, 'num_covert_subs': 16, 'num_covert_syms': 4, 'covert_amp': 0.5, 'power_preserving': True, 'orig_power': 1.0575000047683716, 'after_inject_power': 1.057499885559082, 'power_diff_pct': 1.1272746005970883e-05}",-634055.6250387649,-436057.2780841367,8.023037910461426,3,15.0,15.0,"[[-0.04647461+0.05417546j]
 [-0.04647455+0.05417544j]
 [-0.04647454+0.05417543j]
 [-0.04647455+0.05417542j]
 [-0.04647457+0.05417541j]
 [-0.04647456+0.05417542j]
 [-0.04647456+0.05417541j]
 [-0.04647456+0.05417541j]
 [-0.04647455+0.05417541j]
 [-0.04647455+0.05417542j]
 [-0.04647456+0.05417542j]
 [-0.04647455+0.05417541j]
 [-0.04647456+0.05417541j]
 [-0.04647455+0.05417542j]
 [-0.04647456+0.0541754j ]
 [-0.04647455+0.05417542j]
 [-0.04647456+0.05417541j]
 [-0.04647455+0.05417542j]
 [-0.04647454+0.05417542j]
 [-0.04647455+0.05417541j]
 [-0.04647454+0.05417543j]
 [-0.04647454+0.05417541j]
 [-0.04647456+0.05417541j]
 [-0.04647454+0.0541754j ]
 [-0.04647455+0.05417542j]
 [-0.04647454+0.0541754j ]
 [-0.04647455+0.05417543j]
 [-0.04647455+0.05417542j]
 [-0.04647455+0.05417542j]
 [-0.04647456+0.05417542j]
 [-0.04647455+0.05417542j]
 [-0.04647456+0.0541754j ]
 [-0.04647456+0.05417539j]
 [-0.04647455+0.05417542j]
 [-0.04647455+0.05417542j]
 [-0.04647455+0.05417542j]
 [-0.04647457+0.05417542j]
 [-0.04647456+0.05417542j]
 [-0.04647456+0.05417541j]
 [-0.04647456+0.05417541j]
 [-0.04647455+0.05417541j]
 [-0.04647455+0.0541754j ]
 [-0.04647454+0.05417541j]
 [-0.04647454+0.05417541j]
 [-0.04647457+0.0541754j ]
 [-0.04647456+0.05417541j]
 [-0.04647455+0.05417541j]
 [-0.04647455+0.05417542j]
 [-0.04647455+0.05417542j]
 [-0.04647454+0.05417542j]
 [-0.04647455+0.05417542j]
 [-0.04647456+0.05417541j]
 [-0.04647455+0.05417543j]
 [-0.04647455+0.05417541j]
 [-0.04647457+0.05417542j]
 [-0.04647456+0.0541754j ]
 [-0.04647456+0.05417541j]
 [-0.04647455+0.05417541j]
 [-0.04647456+0.05417541j]
 [-0.04647455+0.05417542j]
 [-0.04647456+0.05417543j]
 [-0.04647455+0.0541754j ]
 [-0.04647456+0.0541754j ]
 [-0.04647459+0.05417543j]]",,,1.3587821057425329,0.13587821057425328,0.6236285409453017,634055.6250387649,2e-06,5.0,11.0,3.0,-4.584654423991347,bad,0.0,1.3587821057425329,13.00390822468557,-26.99609177531443,40.0,2.1788324563896304,0.6236285409453017,6.315253995126113e-05,0.0316227766016828,0.001997058662644552,38.428303928196314,1.0,0.49607076748800444,0,injection_info,16
13,1,ground,15.0,0.5,1.0,84378.33872064509,fixed,mid,1.0149999856948853,1.0149999856948853,0.0,True,"{'pattern': 'fixed', 'subband_mode': 'mid', 'selected_subcarriers': [24, 25, 26, 27, 28, 29, 30, 31, 32, 33, 34, 35, 36, 37, 38, 39], 'selected_symbols': [0, 1, 2, 3], 'selected_subcarriers_per_symbol': None, 'num_covert_subs': 16, 'num_covert_syms': 4, 'covert_amp': 0.5, 'power_preserving': True, 'orig_power': 1.0149999856948853, 'after_inject_power': 1.0149999856948853, 'power_diff_pct': 0.0}",91548.19965852989,84378.33872064509,8.035467147827148,5,15.0,15.0,"[[0.04788515-0.07273008j]
 [0.04788511-0.07273009j]
 [0.04788511-0.07273004j]
 [0.04788512-0.07273003j]
 [0.04788513-0.07273003j]
 [0.04788513-0.07273005j]
 [0.04788512-0.07273004j]
 [0.04788513-0.07273003j]
 [0.04788512-0.07273003j]
 [0.04788513-0.07273003j]
 [0.04788513-0.07273004j]
 [0.04788513-0.07273005j]
 [0.04788513-0.07273005j]
 [0.04788512-0.07273003j]
 [0.04788511-0.07273003j]
 [0.04788512-0.07273003j]
 [0.04788512-0.07273003j]
 [0.04788513-0.07273003j]
 [0.04788513-0.07273005j]
 [0.04788512-0.07273005j]
 [0.0478851 -0.07273003j]
 [0.04788512-0.07273002j]
 [0.04788513-0.07273002j]
 [0.04788513-0.07273003j]
 [0.04788512-0.07273003j]
 [0.04788512-0.07273003j]
 [0.04788511-0.07273005j]
 [0.04788513-0.07273005j]
 [0.04788512-0.07273004j]
 [0.04788513-0.07273004j]
 [0.04788513-0.07273004j]
 [0.04788512-0.07273003j]
 [0.04788512-0.07273003j]
 [0.04788513-0.07273003j]
 [0.04788513-0.07273004j]
 [0.04788512-0.07273003j]
 [0.04788512-0.07273005j]
 [0.04788513-0.07273005j]
 [0.04788512-0.07273004j]
 [0.04788512-0.07273004j]
 [0.04788512-0.07273003j]
 [0.04788511-0.07273003j]
 [0.04788511-0.07273003j]
 [0.04788512-0.07273j   ]
 [0.04788514-0.07273002j]
 [0.04788513-0.07273003j]
 [0.04788513-0.07273004j]
 [0.04788512-0.07273003j]
 [0.04788512-0.07273003j]
 [0.04788512-0.07273003j]
 [0.04788512-0.07273004j]
 [0.04788512-0.07273003j]
 [0.04788514-0.07273003j]
 [0.04788512-0.07273006j]
 [0.04788513-0.07273004j]
 [0.04788513-0.07273003j]
 [0.04788512-0.07273003j]
 [0.04788511-0.07273003j]
 [0.04788512-0.07273004j]
 [0.04788512-0.07273005j]
 [0.04788512-0.07273005j]
 [0.04788512-0.07273003j]
 [0.04788515-0.07273002j]
 [0.04788516-0.07273005j]]",,,1.478280157703993,0.1478280157703993,0.5884437859889642,91548.19965852989,2e-06,5.0,11.0,5.0,-3.5276225221048905,bad,0.0,1.478280157703993,14.330062513025517,-25.669937486974483,40.0,2.5121858585345263,0.5884437859889642,8.570501813665032e-05,0.0316227766016828,0.0027102306420929314,37.83172921700095,1.0,0.5528434248002103,0,injection_info,16
14,1,ground,15.0,0.5,1.0,427495.3100300706,fixed,mid,1.0137498378753662,1.0137498378753662,0.0,True,"{'pattern': 'fixed', 'subband_mode': 'mid', 'selected_subcarriers': [24, 25, 26, 27, 28, 29, 30, 31, 32, 33, 34, 35, 36, 37, 38, 39], 'selected_symbols': [0, 1, 2, 3], 'selected_subcarriers_per_symbol': None, 'num_covert_subs': 16, 'num_covert_syms': 4, 'covert_amp': 0.5, 'power_preserving': True, 'orig_power': 1.0137498378753662, 'after_inject_power': 1.0137498378753662, 'power_diff_pct': 0.0}",27409.200919011557,427495.3100300706,8.021553993225098,3,15.0,15.0,"[[0.13570002-0.0202944j ]
 [0.13569996-0.02029444j]
 [0.13569993-0.02029442j]
 [0.13569991-0.02029438j]
 [0.13569993-0.02029437j]
 [0.13569991-0.02029438j]
 [0.13569991-0.02029438j]
 [0.13569991-0.02029439j]
 [0.13569988-0.02029438j]
 [0.1356999 -0.02029439j]
 [0.13569991-0.02029439j]
 [0.13569993-0.02029439j]
 [0.13569991-0.0202944j ]
 [0.13569991-0.02029439j]
 [0.13569991-0.02029439j]
 [0.13569991-0.02029439j]
 [0.13569988-0.02029438j]
 [0.13569993-0.02029437j]
 [0.13569996-0.02029438j]
 [0.13569993-0.0202944j ]
 [0.13569988-0.02029441j]
 [0.13569988-0.02029439j]
 [0.13569991-0.02029436j]
 [0.13569991-0.02029439j]
 [0.1356999 -0.0202944j ]
 [0.13569991-0.0202944j ]
 [0.13569991-0.02029438j]
 [0.13569993-0.02029439j]
 [0.13569991-0.02029439j]
 [0.13569991-0.02029439j]
 [0.13569991-0.0202944j ]
 [0.1356999 -0.0202944j ]
 [0.13569988-0.02029439j]
 [0.1356999 -0.02029439j]
 [0.13569991-0.02029439j]
 [0.13569991-0.02029439j]
 [0.13569991-0.02029439j]
 [0.13569991-0.02029439j]
 [0.13569991-0.0202944j ]
 [0.13569991-0.02029439j]
 [0.13569991-0.02029439j]
 [0.1356999 -0.02029441j]
 [0.13569988-0.02029441j]
 [0.1356999 -0.02029438j]
 [0.1356999 -0.02029436j]
 [0.13569993-0.02029436j]
 [0.13569991-0.0202944j ]
 [0.13569988-0.02029441j]
 [0.1356999 -0.02029439j]
 [0.13569991-0.02029438j]
 [0.13569991-0.0202944j ]
 [0.13569991-0.02029438j]
 [0.13569994-0.02029439j]
 [0.13569994-0.02029439j]
 [0.13569991-0.02029439j]
 [0.1356999 -0.02029439j]
 [0.1356999 -0.02029438j]
 [0.13569991-0.0202944j ]
 [0.13569991-0.02029439j]
 [0.13569991-0.02029439j]
 [0.13569991-0.0202944j ]
 [0.13569988-0.02029439j]
 [0.13569994-0.02029436j]
 [0.13569996-0.02029436j]]",,,1.8593608159227817,0.18593608159227817,0.8682238499709538,427495.3100300706,2e-06,5.0,11.0,3.0,-6.233789966891448,bad,0.0,1.8593608159227817,17.305373711233266,-15.811629627462807,33.11700333869607,2.141568463000626,0.8682238499709538,0.0008295394363813102,0.0316227766016828,0.026232340278144146,53.769670003557344,1.0,0.5138595509637514,0,injection_info,16
15,0,ground,15.0,0.5,1.0,-409498.2307186883,fixed,mid,0.9999998807907104,0.9999998807907104,0.0,True,{},-638762.3177466656,-409498.2307186883,8.0186767578125,4,15.0,15.0,"[[0.00802441+0.04319004j]
 [0.00802442+0.04319002j]
 [0.0080244 +0.04319002j]
 [0.00802438+0.04319001j]
 [0.00802439+0.04319003j]
 [0.00802439+0.04319001j]
 [0.00802439+0.04319001j]
 [0.00802438+0.04319j   ]
 [0.0080244 +0.04319001j]
 [0.0080244 +0.04319001j]
 [0.00802439+0.04319001j]
 [0.0080244 +0.04319002j]
 [0.0080244 +0.04319001j]
 [0.00802441+0.04319001j]
 [0.00802438+0.04319j   ]
 [0.00802438+0.04319j   ]
 [0.00802438+0.04319001j]
 [0.00802438+0.04319002j]
 [0.00802439+0.04319001j]
 [0.0080244 +0.04319002j]
 [0.0080244 +0.04319001j]
 [0.00802439+0.04318999j]
 [0.00802439+0.04319001j]
 [0.00802439+0.04319j   ]
 [0.0080244 +0.04319001j]
 [0.0080244 +0.04319j   ]
 [0.00802439+0.04319002j]
 [0.0080244 +0.04319001j]
 [0.0080244 +0.04319j   ]
 [0.0080244 +0.04319001j]
 [0.0080244 +0.04319001j]
 [0.0080244 +0.04319j   ]
 [0.0080244 +0.04318998j]
 [0.00802439+0.04319j   ]
 [0.00802439+0.04319001j]
 [0.00802439+0.04319001j]
 [0.0080244 +0.04319001j]
 [0.0080244 +0.04319001j]
 [0.0080244 +0.04319001j]
 [0.00802438+0.04319j   ]
 [0.00802438+0.04319j   ]
 [0.0080244 +0.04319001j]
 [0.0080244 +0.04319001j]
 [0.00802438+0.04318999j]
 [0.00802439+0.04319001j]
 [0.00802439+0.04319002j]
 [0.00802439+0.04319002j]
 [0.0080244 +0.04319002j]
 [0.00802441+0.04319002j]
 [0.00802439+0.04319001j]
 [0.00802439+0.04318999j]
 [0.00802439+0.04319001j]
 [0.00802438+0.04319002j]
 [0.00802438+0.04319001j]
 [0.00802441+0.04319001j]
 [0.00802438+0.04319001j]
 [0.00802439+0.04319j   ]
 [0.00802439+0.04319001j]
 [0.00802439+0.04319j   ]
 [0.00802441+0.04319002j]
 [0.00802441+0.04319002j]
 [0.0080244 +0.04319j   ]
 [0.00802438+0.04319002j]
 [0.00802439+0.04319003j]]",,,0.7450557718691471,0.07450557718691471,0.32892603011302796,638762.3177466656,2e-06,5.0,11.0,4.0,1.3222873509838473,bad,0.0,0.7450557718691471,6.215536998431858,-33.78446300156814,40.0,2.2651164810918902,0.32892603011302796,1.3229812793724705e-05,0.0316227766016828,0.0004183634144448378,20.376530296497837,1.0,0.495140059989331,0,hardcoded,0
16,0,ground,20.0,0.5,1.0,369649.7710532675,fixed,mid,0.9599998593330383,0.9599998593330383,0.0,True,{},343449.6338729675,369649.7710532675,8.049263954162598,5,20.0,20.0,"[[0.03577604-0.11302126j]
 [0.035776  -0.11302125j]
 [0.035776  -0.11302119j]
 [0.03577603-0.11302118j]
 [0.03577604-0.11302119j]
 [0.03577603-0.1130212j ]
 [0.03577602-0.11302119j]
 [0.03577603-0.11302118j]
 [0.03577601-0.11302118j]
 [0.03577603-0.11302119j]
 [0.03577602-0.11302121j]
 [0.03577603-0.1130212j ]
 [0.03577602-0.11302121j]
 [0.03577602-0.1130212j ]
 [0.03577603-0.11302121j]
 [0.03577603-0.11302119j]
 [0.03577603-0.11302118j]
 [0.03577603-0.11302117j]
 [0.03577603-0.11302119j]
 [0.03577601-0.11302119j]
 [0.035776  -0.11302118j]
 [0.03577601-0.11302117j]
 [0.03577603-0.11302116j]
 [0.03577603-0.11302118j]
 [0.03577601-0.11302119j]
 [0.03577602-0.11302119j]
 [0.03577603-0.11302119j]
 [0.03577603-0.11302122j]
 [0.03577602-0.11302119j]
 [0.03577602-0.1130212j ]
 [0.03577602-0.1130212j ]
 [0.03577601-0.11302119j]
 [0.03577601-0.11302118j]
 [0.03577603-0.11302119j]
 [0.03577603-0.11302121j]
 [0.03577603-0.11302121j]
 [0.03577603-0.1130212j ]
 [0.03577602-0.11302121j]
 [0.03577601-0.11302121j]
 [0.03577603-0.11302118j]
 [0.03577602-0.11302118j]
 [0.03577602-0.1130212j ]
 [0.03577601-0.11302118j]
 [0.03577602-0.11302117j]
 [0.03577604-0.11302115j]
 [0.03577603-0.11302119j]
 [0.03577602-0.11302121j]
 [0.03577601-0.11302119j]
 [0.03577602-0.11302118j]
 [0.03577602-0.11302119j]
 [0.03577603-0.11302121j]
 [0.03577603-0.11302119j]
 [0.03577603-0.11302121j]
 [0.03577603-0.1130212j ]
 [0.03577601-0.11302121j]
 [0.03577603-0.11302118j]
 [0.03577603-0.11302119j]
 [0.03577602-0.11302119j]
 [0.03577603-0.11302119j]
 [0.03577601-0.1130212j ]
 [0.035776  -0.11302121j]
 [0.03577601-0.11302118j]
 [0.03577605-0.11302119j]
 [0.03577608-0.11302123j]]",,,0.7454514231704292,0.07454514231704293,0.328926030113028,369649.7710532675,2e-06,5.0,11.0,5.0,-12.740212649016147,bad,0.0,0.7454514231704292,11.215536991036707,-28.784463008963293,40.0,2.2663193390753285,0.328926030113028,1.3229812793724705e-05,0.009999999999999901,0.0013229812792401854,64.44584072696273,1.0,0.5242045600418653,0,hardcoded,0
17,0,ground,15.0,0.5,1.0,-430517.4690899093,fixed,mid,1.0049998760223389,1.0049998760223389,0.0,True,{},-7331.455338314697,-430517.4690899093,8.028841018676758,4,15.0,15.0,"[[0.00757329+0.05088028j]
 [0.00757333+0.05088028j]
 [0.00757332+0.05088025j]
 [0.00757328+0.05088025j]
 [0.0075733 +0.05088025j]
 [0.00757329+0.05088026j]
 [0.0075733 +0.05088025j]
 [0.00757329+0.05088025j]
 [0.0075733 +0.05088025j]
 [0.0075733 +0.05088025j]
 [0.00757329+0.05088026j]
 [0.00757331+0.05088026j]
 [0.0075733 +0.05088027j]
 [0.0075733 +0.05088025j]
 [0.0075733 +0.05088025j]
 [0.0075733 +0.05088025j]
 [0.0075733 +0.05088024j]
 [0.00757328+0.05088024j]
 [0.00757329+0.05088025j]
 [0.0075733 +0.05088025j]
 [0.00757331+0.05088024j]
 [0.0075733 +0.05088023j]
 [0.00757329+0.05088026j]
 [0.00757329+0.05088025j]
 [0.00757331+0.05088025j]
 [0.0075733 +0.05088026j]
 [0.00757328+0.05088025j]
 [0.0075733 +0.05088026j]
 [0.0075733 +0.05088025j]
 [0.0075733 +0.05088026j]
 [0.0075733 +0.05088025j]
 [0.0075733 +0.05088025j]
 [0.0075733 +0.05088023j]
 [0.00757329+0.05088024j]
 [0.00757328+0.05088025j]
 [0.00757329+0.05088025j]
 [0.0075733 +0.05088026j]
 [0.00757329+0.05088026j]
 [0.00757331+0.05088025j]
 [0.00757331+0.05088025j]
 [0.0075733 +0.05088024j]
 [0.0075733 +0.05088025j]
 [0.00757331+0.05088024j]
 [0.00757329+0.05088022j]
 [0.0075733 +0.05088025j]
 [0.00757329+0.05088025j]
 [0.00757331+0.05088025j]
 [0.0075733 +0.05088024j]
 [0.00757331+0.05088024j]
 [0.0075733 +0.05088025j]
 [0.0075733 +0.05088025j]
 [0.00757328+0.05088025j]
 [0.00757329+0.05088025j]
 [0.00757331+0.05088025j]
 [0.0075733 +0.05088026j]
 [0.0075733 +0.05088025j]
 [0.0075733 +0.05088024j]
 [0.0075733 +0.05088026j]
 [0.0075733 +0.05088025j]
 [0.0075733 +0.05088025j]
 [0.0075733 +0.05088025j]
 [0.00757331+0.05088023j]
 [0.00757328+0.05088025j]
 [0.00757329+0.05088027j]]",,,0.7450557718691471,0.07450557718691471,0.32892603011302796,430517.4690899093,2e-06,5.0,11.0,4.0,1.3222873509838473,bad,0.0,0.7450557718691471,6.215536998431858,-33.78446300156814,40.0,2.2651164810918902,0.32892603011302796,1.3229812793724705e-05,0.0316227766016828,0.0004183634144448378,20.376530296497837,1.0,0.538402902240012,0,hardcoded,0
18,0,ground,20.0,0.5,1.0,174378.38755375784,fixed,mid,1.0149999856948853,1.0149999856948853,0.0,True,{},-24687.650693226606,174378.38755375784,8.03858757019043,3,20.0,20.0,"[[-0.11347803-0.02113214j]
 [-0.11347799-0.0211321j ]
 [-0.11347795-0.0211321j ]
 [-0.11347793-0.02113214j]
 [-0.11347796-0.02113214j]
 [-0.11347794-0.02113213j]
 [-0.11347795-0.02113212j]
 [-0.11347795-0.02113213j]
 [-0.11347793-0.02113211j]
 [-0.11347795-0.02113212j]
 [-0.11347795-0.02113213j]
 [-0.11347795-0.02113213j]
 [-0.11347793-0.02113213j]
 [-0.11347794-0.02113211j]
 [-0.11347794-0.02113213j]
 [-0.11347795-0.02113212j]
 [-0.11347793-0.02113212j]
 [-0.11347796-0.02113215j]
 [-0.11347795-0.02113214j]
 [-0.11347795-0.0211321j ]
 [-0.11347795-0.02113209j]
 [-0.11347791-0.02113211j]
 [-0.11347793-0.02113214j]
 [-0.11347795-0.02113213j]
 [-0.11347793-0.02113212j]
 [-0.11347794-0.02113211j]
 [-0.11347796-0.02113213j]
 [-0.11347795-0.02113213j]
 [-0.11347795-0.02113212j]
 [-0.11347793-0.02113211j]
 [-0.11347793-0.02113211j]
 [-0.11347793-0.02113211j]
 [-0.11347793-0.02113212j]
 [-0.11347795-0.02113212j]
 [-0.11347794-0.02113213j]
 [-0.11347795-0.02113213j]
 [-0.11347794-0.02113213j]
 [-0.11347795-0.02113213j]
 [-0.11347795-0.0211321j ]
 [-0.11347794-0.02113213j]
 [-0.11347795-0.02113213j]
 [-0.11347794-0.0211321j ]
 [-0.11347794-0.02113209j]
 [-0.11347791-0.02113212j]
 [-0.11347793-0.02113215j]
 [-0.11347796-0.02113214j]
 [-0.11347795-0.0211321j ]
 [-0.11347794-0.0211321j ]
 [-0.11347794-0.02113211j]
 [-0.11347794-0.02113212j]
 [-0.11347793-0.02113212j]
 [-0.11347795-0.02113213j]
 [-0.11347796-0.02113214j]
 [-0.11347795-0.02113214j]
 [-0.11347795-0.02113213j]
 [-0.11347794-0.02113213j]
 [-0.11347793-0.02113212j]
 [-0.11347794-0.02113211j]
 [-0.11347795-0.02113212j]
 [-0.11347795-0.02113213j]
 [-0.11347795-0.0211321j ]
 [-0.11347795-0.02113211j]
 [-0.11347796-0.02113215j]
 [-0.11347798-0.02113218j]]",,,0.7455034469335127,0.07455034469335127,0.32892603011302796,174378.38755375784,2e-06,5.0,11.0,3.0,-4.302712649016155,bad,0.0,0.7455034469335127,11.215536991036707,-28.784463008963293,40.0,2.2664775015748595,0.32892603011302796,1.3229812793724705e-05,0.009999999999999901,0.0013229812792401854,64.4471019280439,1.0,0.4742586054212,0,hardcoded,0
19,0,ground,15.0,0.5,1.0,142319.57952830527,fixed,mid,0.9999998807907104,0.9999998807907104,0.0,True,{},93591.13229475265,142319.57952830527,8.116755485534668,5,15.0,15.0,"[[0.13168374-0.06865323j]
 [0.13168366-0.06865327j]
 [0.13168363-0.06865323j]
 [0.13168362-0.06865318j]
 [0.13168366-0.06865317j]
 [0.13168366-0.0686532j ]
 [0.13168365-0.0686532j ]
 [0.13168362-0.0686532j ]
 [0.13168363-0.06865319j]
 [0.13168363-0.0686532j ]
 [0.13168366-0.06865319j]
 [0.13168366-0.06865321j]
 [0.13168366-0.06865321j]
 [0.13168366-0.06865321j]
 [0.13168365-0.0686532j ]
 [0.13168365-0.0686532j ]
 [0.13168362-0.06865318j]
 [0.13168365-0.06865317j]
 [0.13168366-0.0686532j ]
 [0.13168363-0.06865321j]
 [0.13168362-0.0686532j ]
 [0.1316836 -0.06865318j]
 [0.13168363-0.06865318j]
 [0.13168365-0.06865319j]
 [0.13168363-0.0686532j ]
 [0.13168365-0.06865321j]
 [0.13168366-0.0686532j ]
 [0.13168366-0.0686532j ]
 [0.13168366-0.0686532j ]
 [0.13168366-0.0686532j ]
 [0.13168365-0.06865321j]
 [0.13168363-0.0686532j ]
 [0.13168363-0.0686532j ]
 [0.13168365-0.06865319j]
 [0.13168365-0.0686532j ]
 [0.13168365-0.0686532j ]
 [0.13168365-0.0686532j ]
 [0.13168366-0.06865321j]
 [0.13168365-0.06865321j]
 [0.13168363-0.0686532j ]
 [0.13168362-0.06865319j]
 [0.13168363-0.06865321j]
 [0.1316836 -0.0686532j ]
 [0.1316836 -0.06865317j]
 [0.13168363-0.06865317j]
 [0.13168365-0.06865318j]
 [0.13168365-0.06865321j]
 [0.13168363-0.06865321j]
 [0.13168363-0.06865322j]
 [0.13168365-0.0686532j ]
 [0.13168363-0.0686532j ]
 [0.13168365-0.06865321j]
 [0.13168366-0.0686532j ]
 [0.13168366-0.0686532j ]
 [0.13168366-0.0686532j ]
 [0.13168363-0.0686532j ]
 [0.13168363-0.06865319j]
 [0.13168365-0.06865321j]
 [0.13168366-0.0686532j ]
 [0.13168366-0.06865321j]
 [0.13168365-0.06865321j]
 [0.13168363-0.06865321j]
 [0.13168365-0.06865316j]
 [0.1316837 -0.06865318j]]",,,0.7454514231704292,0.07454514231704293,0.328926030113028,142319.57952830527,2e-06,5.0,11.0,5.0,-12.740212649016147,bad,0.0,0.7454514231704292,6.215536998431858,-33.78446300156814,40.0,2.2663193390753285,0.328926030113028,1.3229812793724705e-05,0.0316227766016828,0.0004183634144448378,20.3795642516876,1.0,0.45696465241300865,0,hardcoded,0
20,0,ground,20.0,0.5,1.0,262875.66996304865,fixed,mid,0.9837498664855957,0.9837498664855957,0.0,True,{},-218812.318497946,262875.66996304865,8.03941535949707,4,20.0,20.0,"[[0.03529362+0.01237036j]
 [0.03529362+0.01237033j]
 [0.0352936 +0.01237033j]
 [0.03529359+0.01237034j]
 [0.0352936 +0.01237035j]
 [0.03529359+0.01237034j]
 [0.03529361+0.01237034j]
 [0.0352936 +0.01237034j]
 [0.0352936 +0.01237033j]
 [0.0352936 +0.01237033j]
 [0.03529359+0.01237034j]
 [0.03529361+0.01237033j]
 [0.03529361+0.01237034j]
 [0.0352936 +0.01237033j]
 [0.03529359+0.01237034j]
 [0.03529361+0.01237034j]
 [0.03529359+0.01237034j]
 [0.0352936 +0.01237035j]
 [0.03529361+0.01237035j]
 [0.03529362+0.01237034j]
 [0.03529361+0.01237033j]
 [0.03529359+0.01237033j]
 [0.0352936 +0.01237034j]
 [0.0352936 +0.01237034j]
 [0.0352936 +0.01237033j]
 [0.0352936 +0.01237032j]
 [0.0352936 +0.01237033j]
 [0.03529359+0.01237034j]
 [0.0352936 +0.01237033j]
 [0.0352936 +0.01237033j]
 [0.03529359+0.01237034j]
 [0.0352936 +0.01237034j]
 [0.03529359+0.01237033j]
 [0.0352936 +0.01237034j]
 [0.03529359+0.01237035j]
 [0.0352936 +0.01237034j]
 [0.03529359+0.01237034j]
 [0.0352936 +0.01237033j]
 [0.03529362+0.01237033j]
 [0.0352936 +0.01237033j]
 [0.03529361+0.01237034j]
 [0.03529361+0.01237033j]
 [0.0352936 +0.01237033j]
 [0.03529359+0.01237034j]
 [0.03529359+0.01237035j]
 [0.0352936 +0.01237035j]
 [0.03529362+0.01237034j]
 [0.03529361+0.01237035j]
 [0.0352936 +0.01237032j]
 [0.0352936 +0.01237033j]
 [0.03529358+0.01237034j]
 [0.0352936 +0.01237035j]
 [0.03529361+0.01237034j]
 [0.03529361+0.01237033j]
 [0.0352936 +0.01237033j]
 [0.03529361+0.01237033j]
 [0.0352936 +0.01237033j]
 [0.03529359+0.01237033j]
 [0.0352936 +0.01237033j]
 [0.03529362+0.01237033j]
 [0.03529361+0.01237034j]
 [0.03529361+0.01237034j]
 [0.0352936 +0.01237036j]
 [0.03529361+0.01237036j]]",,,0.7450557718691471,0.07450557718691471,0.32892603011302796,262875.66996304865,2e-06,5.0,11.0,4.0,1.3222873509838473,bad,0.0,0.7450557718691471,11.215536991036707,-28.784463008963293,40.0,2.2651164810918902,0.32892603011302796,1.3229812793724705e-05,0.009999999999999901,0.0013229812792401854,64.43624651826791,1.0,0.5302431689031106,0,hardcoded,0
21,0,ground,15.0,0.5,1.0,485283.8507173788,fixed,mid,0.9924999475479126,0.9924999475479126,0.0,True,{},157647.46541376456,485283.8507173788,8.050076484680176,4,15.0,15.0,"[[0.06984577+0.03301642j]
 [0.06984577+0.03301639j]
 [0.06984574+0.03301639j]
 [0.06984573+0.0330164j ]
 [0.06984574+0.03301641j]
 [0.06984575+0.03301639j]
 [0.06984573+0.0330164j ]
 [0.06984574+0.03301639j]
 [0.06984574+0.03301639j]
 [0.06984574+0.03301639j]
 [0.06984574+0.03301641j]
 [0.06984575+0.03301639j]
 [0.06984575+0.0330164j ]
 [0.06984575+0.03301638j]
 [0.06984574+0.0330164j ]
 [0.06984574+0.0330164j ]
 [0.06984574+0.03301639j]
 [0.06984574+0.0330164j ]
 [0.06984574+0.0330164j ]
 [0.06984574+0.03301639j]
 [0.06984574+0.03301637j]
 [0.06984571+0.03301638j]
 [0.06984572+0.03301639j]
 [0.06984574+0.03301639j]
 [0.06984574+0.03301638j]
 [0.06984574+0.03301639j]
 [0.06984574+0.0330164j ]
 [0.06984574+0.03301641j]
 [0.06984574+0.03301639j]
 [0.06984575+0.0330164j ]
 [0.06984575+0.03301639j]
 [0.06984574+0.03301637j]
 [0.06984572+0.03301639j]
 [0.06984574+0.03301639j]
 [0.06984574+0.0330164j ]
 [0.06984574+0.03301641j]
 [0.06984575+0.0330164j ]
 [0.06984575+0.0330164j ]
 [0.06984574+0.03301638j]
 [0.06984574+0.03301639j]
 [0.06984573+0.03301639j]
 [0.06984575+0.03301639j]
 [0.06984574+0.03301638j]
 [0.06984572+0.03301638j]
 [0.06984572+0.03301641j]
 [0.06984575+0.03301641j]
 [0.06984576+0.03301639j]
 [0.06984574+0.03301638j]
 [0.06984575+0.03301637j]
 [0.06984574+0.03301639j]
 [0.06984575+0.0330164j ]
 [0.06984575+0.0330164j ]
 [0.06984575+0.03301641j]
 [0.06984575+0.0330164j ]
 [0.06984575+0.03301641j]
 [0.06984574+0.03301639j]
 [0.06984574+0.03301639j]
 [0.06984574+0.03301639j]
 [0.06984574+0.03301639j]
 [0.06984575+0.03301641j]
 [0.06984575+0.03301638j]
 [0.06984574+0.03301637j]
 [0.06984573+0.03301641j]
 [0.06984576+0.03301642j]]",,,0.7450557718691471,0.07450557718691471,0.32892603011302796,485283.8507173788,2e-06,5.0,11.0,4.0,1.3222873509838473,bad,0.0,0.7450557718691471,6.215536998431858,-33.78446300156814,40.0,2.2651164810918902,0.32892603011302796,1.3229812793724705e-05,0.0316227766016828,0.0004183634144448378,20.376530296497837,1.0,0.6039038956798171,0,hardcoded,0
22,1,ground,20.0,0.5,1.0,-660789.9405176446,fixed,mid,1.0112498998641968,1.0112497806549072,1.178831162966466e-05,True,"{'pattern': 'fixed', 'subband_mode': 'mid', 'selected_subcarriers': [24, 25, 26, 27, 28, 29, 30, 31, 32, 33, 34, 35, 36, 37, 38, 39], 'selected_symbols': [0, 1, 2, 3], 'selected_subcarriers_per_symbol': None, 'num_covert_subs': 16, 'num_covert_syms': 4, 'covert_amp': 0.5, 'power_preserving': True, 'orig_power': 1.0112498998641968, 'after_inject_power': 1.0112497806549072, 'power_diff_pct': 1.178831162966466e-05}",-324607.11964430206,-660789.9405176446,8.055164337158203,5,20.0,20.0,"[[0.09899741-6.8975613e-05j]
 [0.09899736-6.8996102e-05j]
 [0.09899734-6.8981200e-05j]
 [0.09899733-6.8960711e-05j]
 [0.09899735-6.8956986e-05j]
 [0.09899735-6.8966299e-05j]
 [0.09899734-6.8968162e-05j]
 [0.09899734-6.8968162e-05j]
 [0.09899733-6.8962574e-05j]
 [0.09899735-6.8975613e-05j]
 [0.09899735-6.8975613e-05j]
 [0.09899736-6.8970956e-05j]
 [0.09899735-6.8979338e-05j]
 [0.09899735-6.8969093e-05j]
 [0.09899735-6.8965368e-05j]
 [0.09899734-6.8973750e-05j]
 [0.09899734-6.8965368e-05j]
 [0.09899735-6.8953261e-05j]
 [0.09899735-6.8960711e-05j]
 [0.09899735-6.8985857e-05j]
 [0.09899732-6.8993308e-05j]
 [0.09899731-6.8968162e-05j]
 [0.09899734-6.8961643e-05j]
 [0.09899735-6.8962574e-05j]
 [0.09899735-6.8971887e-05j]
 [0.09899735-6.8976544e-05j]
 [0.09899735-6.8964437e-05j]
 [0.09899735-6.8971887e-05j]
 [0.09899736-6.8972819e-05j]
 [0.09899735-6.8975613e-05j]
 [0.09899734-6.8970025e-05j]
 [0.09899735-6.8973750e-05j]
 [0.09899734-6.8971887e-05j]
 [0.09899733-6.8962574e-05j]
 [0.09899735-6.8962574e-05j]
 [0.09899735-6.8964437e-05j]
 [0.09899735-6.8965368e-05j]
 [0.09899736-6.8974681e-05j]
 [0.09899735-6.8978406e-05j]
 [0.09899734-6.8964437e-05j]
 [0.09899733-6.8962574e-05j]
 [0.09899735-6.8973750e-05j]
 [0.09899734-6.8989582e-05j]
 [0.09899732-6.8964437e-05j]
 [0.09899732-6.8945810e-05j]
 [0.09899735-6.8951398e-05j]
 [0.09899735-6.8973750e-05j]
 [0.09899735-6.8981200e-05j]
 [0.09899735-6.8970025e-05j]
 [0.09899735-6.8968162e-05j]
 [0.09899735-6.8971887e-05j]
 [0.09899735-6.8959780e-05j]
 [0.09899735-6.8964437e-05j]
 [0.09899735-6.8969093e-05j]
 [0.09899735-6.8976544e-05j]
 [0.09899735-6.8960711e-05j]
 [0.09899733-6.8960711e-05j]
 [0.09899735-6.8978406e-05j]
 [0.09899734-6.8980269e-05j]
 [0.09899735-6.8973750e-05j]
 [0.09899735-6.8982132e-05j]
 [0.09899735-6.8981200e-05j]
 [0.09899735-6.8949535e-05j]
 [0.09899738-6.8929978e-05j]]",,,0.7931852029963296,0.07931852029963296,0.3249861058590129,660789.9405176446,2e-06,5.0,11.0,5.0,-8.197455963174539,bad,0.0,0.7931852029963296,11.215536991036707,-28.784463008963293,40.0,2.440674197131471,0.3249861058590129,1.3229812793724705e-05,0.009999999999999901,0.0013229812792401854,64.58546744342725,1.0,0.46788650602777626,0,injection_info,16
23,1,ground,15.0,0.5,1.0,-539988.3353639665,fixed,mid,0.9962498545646667,0.996249794960022,5.982901227260541e-06,True,"{'pattern': 'fixed', 'subband_mode': 'mid', 'selected_subcarriers': [24, 25, 26, 27, 28, 29, 30, 31, 32, 33, 34, 35, 36, 37, 38, 39], 'selected_symbols': [0, 1, 2, 3], 'selected_subcarriers_per_symbol': None, 'num_covert_subs': 16, 'num_covert_syms': 4, 'covert_amp': 0.5, 'power_preserving': True, 'orig_power': 0.9962498545646667, 'after_inject_power': 0.996249794960022, 'power_diff_pct': 5.982901227260541e-06}",-665641.3417030077,-539988.3353639665,8.008313179016113,3,15.0,15.0,"[[-0.01350955+0.02681606j]
 [-0.01350953+0.02681607j]
 [-0.01350954+0.02681605j]
 [-0.01350954+0.02681604j]
 [-0.01350954+0.02681603j]
 [-0.01350954+0.02681605j]
 [-0.01350954+0.02681605j]
 [-0.01350954+0.02681604j]
 [-0.01350953+0.02681605j]
 [-0.01350954+0.02681604j]
 [-0.01350954+0.02681604j]
 [-0.01350954+0.02681605j]
 [-0.01350954+0.02681604j]
 [-0.01350954+0.02681605j]
 [-0.01350954+0.02681605j]
 [-0.01350954+0.02681605j]
 [-0.01350953+0.02681604j]
 [-0.01350955+0.02681604j]
 [-0.01350954+0.02681605j]
 [-0.01350954+0.02681605j]
 [-0.01350952+0.02681605j]
 [-0.01350954+0.02681605j]
 [-0.01350954+0.02681603j]
 [-0.01350953+0.02681605j]
 [-0.01350954+0.02681605j]
 [-0.01350953+0.02681605j]
 [-0.01350954+0.02681605j]
 [-0.01350955+0.02681604j]
 [-0.01350954+0.02681604j]
 [-0.01350955+0.02681605j]
 [-0.01350954+0.02681604j]
 [-0.01350955+0.02681606j]
 [-0.01350954+0.02681604j]
 [-0.01350954+0.02681605j]
 [-0.01350954+0.02681605j]
 [-0.01350954+0.02681604j]
 [-0.01350954+0.02681605j]
 [-0.01350953+0.02681605j]
 [-0.01350953+0.02681605j]
 [-0.01350954+0.02681605j]
 [-0.01350953+0.02681604j]
 [-0.01350955+0.02681605j]
 [-0.01350953+0.02681604j]
 [-0.01350953+0.02681604j]
 [-0.01350954+0.02681604j]
 [-0.01350953+0.02681605j]
 [-0.01350954+0.02681605j]
 [-0.01350954+0.02681605j]
 [-0.01350953+0.02681605j]
 [-0.01350955+0.02681605j]
 [-0.01350955+0.02681605j]
 [-0.01350954+0.02681604j]
 [-0.01350954+0.02681605j]
 [-0.01350955+0.02681605j]
 [-0.01350954+0.02681605j]
 [-0.01350952+0.02681604j]
 [-0.01350953+0.02681605j]
 [-0.01350954+0.02681605j]
 [-0.01350954+0.02681605j]
 [-0.01350953+0.02681604j]
 [-0.01350955+0.02681605j]
 [-0.01350954+0.02681606j]
 [-0.01350955+0.02681604j]
 [-0.01350956+0.02681606j]]",,,0.7884533693166972,0.07884533693166973,0.3277737032236178,665641.3417030077,2e-06,5.0,11.0,3.0,-2.576516647743934,bad,0.0,0.7884533693166973,6.215536998431858,-33.78446300156814,40.0,2.405480859392765,0.3277737032236178,1.3229812793724705e-05,0.0316227766016828,0.0004183634144448378,20.522786911956633,1.0,0.45273049790062814,0,injection_info,16
24,1,ground,20.0,0.5,1.0,-258115.08096728154,fixed,mid,0.9737499356269836,0.9737498164176941,1.2242289851747378e-05,True,"{'pattern': 'fixed', 'subband_mode': 'mid', 'selected_subcarriers': [24, 25, 26, 27, 28, 29, 30, 31, 32, 33, 34, 35, 36, 37, 38, 39], 'selected_symbols': [0, 1, 2, 3], 'selected_subcarriers_per_symbol': None, 'num_covert_subs': 16, 'num_covert_syms': 4, 'covert_amp': 0.5, 'power_preserving': True, 'orig_power': 0.9737499356269836, 'after_inject_power': 0.9737498164176941, 'power_diff_pct': 1.2242289851747378e-05}",-504530.76047410246,-258115.08096728154,8.05550765991211,5,20.0,20.0,"[[-0.11522529+0.00206005j]
 [-0.11522527+0.00206009j]
 [-0.11522523+0.00206007j]
 [-0.11522524+0.00206002j]
 [-0.11522523+0.00206003j]
 [-0.11522525+0.00206003j]
 [-0.11522523+0.00206005j]
 [-0.11522523+0.00206005j]
 [-0.11522523+0.00206005j]
 [-0.11522523+0.00206005j]
 [-0.11522524+0.00206005j]
 [-0.11522525+0.00206004j]
 [-0.11522523+0.00206005j]
 [-0.11522524+0.00206006j]
 [-0.11522524+0.00206004j]
 [-0.11522524+0.00206005j]
 [-0.11522523+0.00206004j]
 [-0.11522523+0.00206002j]
 [-0.11522526+0.00206004j]
 [-0.11522523+0.00206006j]
 [-0.1152252 +0.00206008j]
 [-0.1152252 +0.00206005j]
 [-0.11522523+0.00206003j]
 [-0.11522523+0.00206003j]
 [-0.11522523+0.00206004j]
 [-0.11522523+0.00206005j]
 [-0.11522525+0.00206004j]
 [-0.11522525+0.00206004j]
 [-0.11522524+0.00206004j]
 [-0.11522524+0.00206004j]
 [-0.11522523+0.00206005j]
 [-0.11522522+0.00206005j]
 [-0.11522523+0.00206005j]
 [-0.11522523+0.00206003j]
 [-0.11522523+0.00206003j]
 [-0.11522526+0.00206005j]
 [-0.11522524+0.00206005j]
 [-0.11522525+0.00206005j]
 [-0.11522523+0.00206004j]
 [-0.11522524+0.00206006j]
 [-0.11522522+0.00206005j]
 [-0.11522523+0.00206005j]
 [-0.11522521+0.00206006j]
 [-0.11522521+0.00206005j]
 [-0.1152252 +0.00206002j]
 [-0.11522525+0.00206004j]
 [-0.11522523+0.00206005j]
 [-0.11522523+0.00206006j]
 [-0.11522523+0.00206005j]
 [-0.11522523+0.00206005j]
 [-0.11522524+0.00206004j]
 [-0.11522524+0.00206004j]
 [-0.11522525+0.00206004j]
 [-0.11522525+0.00206006j]
 [-0.11522525+0.00206005j]
 [-0.11522523+0.00206005j]
 [-0.11522523+0.00206005j]
 [-0.11522523+0.00206005j]
 [-0.11522523+0.00206005j]
 [-0.11522526+0.00206004j]
 [-0.11522524+0.00206006j]
 [-0.11522523+0.00206005j]
 [-0.11522524+0.00206001j]
 [-0.11522526+0.00206001j]]",,,0.7889739421948492,0.07889739421948493,0.3274545033678561,504530.76047410246,2e-06,5.0,11.0,5.0,-8.201995971015567,bad,0.0,0.7889739421948493,11.215536991036707,-28.784463008963293,40.0,2.4094154579652587,0.3274545033678561,1.3229812793724705e-05,0.009999999999999901,0.0013229812792401854,64.86285562429856,1.0,0.45329759981214496,0,injection_info,16
25,1,ground,15.0,0.5,1.0,-114345.36859119966,fixed,mid,0.9774999618530273,0.9774999618530273,0.0,True,"{'pattern': 'fixed', 'subband_mode': 'mid', 'selected_subcarriers': [24, 25, 26, 27, 28, 29, 30, 31, 32, 33, 34, 35, 36, 37, 38, 39], 'selected_symbols': [0, 1, 2, 3], 'selected_subcarriers_per_symbol': None, 'num_covert_subs': 16, 'num_covert_syms': 4, 'covert_amp': 0.5, 'power_preserving': True, 'orig_power': 0.9774999618530273, 'after_inject_power': 0.9774999618530273, 'power_diff_pct': 0.0}",-135548.96119761196,-114345.36859119966,8.048303604125977,4,15.0,15.0,"[[0.10537712-0.01672919j]
 [0.10537709-0.01672924j]
 [0.10537704-0.01672922j]
 [0.10537704-0.01672918j]
 [0.10537706-0.01672918j]
 [0.10537703-0.0167292j ]
 [0.10537704-0.01672919j]
 [0.10537704-0.0167292j ]
 [0.10537703-0.01672919j]
 [0.10537704-0.01672918j]
 [0.10537706-0.01672919j]
 [0.10537706-0.0167292j ]
 [0.10537705-0.01672921j]
 [0.10537704-0.01672919j]
 [0.10537704-0.0167292j ]
 [0.10537706-0.0167292j ]
 [0.10537703-0.01672919j]
 [0.10537703-0.01672919j]
 [0.10537703-0.01672919j]
 [0.10537703-0.01672922j]
 [0.10537703-0.01672921j]
 [0.10537702-0.01672918j]
 [0.10537702-0.01672918j]
 [0.10537703-0.0167292j ]
 [0.10537703-0.01672919j]
 [0.10537703-0.01672919j]
 [0.10537703-0.01672919j]
 [0.10537705-0.0167292j ]
 [0.10537704-0.0167292j ]
 [0.10537706-0.01672919j]
 [0.10537704-0.0167292j ]
 [0.10537703-0.01672919j]
 [0.10537704-0.01672918j]
 [0.10537705-0.01672918j]
 [0.10537704-0.01672919j]
 [0.10537706-0.01672919j]
 [0.10537704-0.01672919j]
 [0.10537706-0.0167292j ]
 [0.10537704-0.0167292j ]
 [0.10537704-0.0167292j ]
 [0.10537703-0.01672919j]
 [0.10537703-0.01672919j]
 [0.10537702-0.0167292j ]
 [0.105377  -0.01672917j]
 [0.10537702-0.01672915j]
 [0.10537705-0.01672919j]
 [0.10537704-0.0167292j ]
 [0.10537703-0.01672921j]
 [0.10537703-0.01672918j]
 [0.10537703-0.0167292j ]
 [0.10537704-0.01672919j]
 [0.10537705-0.01672918j]
 [0.10537705-0.01672921j]
 [0.10537706-0.0167292j ]
 [0.10537705-0.01672919j]
 [0.10537703-0.01672918j]
 [0.10537704-0.01672919j]
 [0.10537703-0.01672919j]
 [0.10537705-0.01672918j]
 [0.10537706-0.01672918j]
 [0.10537704-0.01672921j]
 [0.10537703-0.0167292j ]
 [0.10537705-0.01672916j]
 [0.10537709-0.01672916j]]",,,0.7872824731448705,0.07872824731448706,0.32818963113762833,135548.96119761196,2e-06,5.0,11.0,4.0,-2.5781200654058027,bad,0.0,0.7872824731448707,6.215536998431858,-33.78446300156814,40.0,2.3988645540563067,0.32818963113762833,1.3229812793724705e-05,0.0316227766016828,0.0004183634144448378,20.534817212449486,1.0,0.42400587251876676,0,injection_info,16
26,1,ground,20.0,0.5,1.0,43552.94733367024,fixed,mid,1.0074999332427979,1.0074999332427979,0.0,True,"{'pattern': 'fixed', 'subband_mode': 'mid', 'selected_subcarriers': [24, 25, 26, 27, 28, 29, 30, 31, 32, 33, 34, 35, 36, 37, 38, 39], 'selected_symbols': [0, 1, 2, 3], 'selected_subcarriers_per_symbol': None, 'num_covert_subs': 16, 'num_covert_syms': 4, 'covert_amp': 0.5, 'power_preserving': True, 'orig_power': 1.0074999332427979, 'after_inject_power': 1.0074999332427979, 'power_diff_pct': 0.0}",-437165.8508749356,43552.94733367024,8.066359519958496,4,20.0,20.0,"[[-0.03367306-0.00639973j]
 [-0.03367306-0.00639972j]
 [-0.03367303-0.00639972j]
 [-0.03367303-0.00639972j]
 [-0.03367303-0.00639972j]
 [-0.03367303-0.00639973j]
 [-0.03367303-0.00639972j]
 [-0.03367303-0.00639972j]
 [-0.03367302-0.00639972j]
 [-0.03367303-0.00639972j]
 [-0.03367302-0.00639972j]
 [-0.03367304-0.00639972j]
 [-0.03367305-0.00639972j]
 [-0.03367305-0.00639972j]
 [-0.03367303-0.00639971j]
 [-0.03367304-0.00639972j]
 [-0.03367303-0.00639972j]
 [-0.03367303-0.00639972j]
 [-0.03367303-0.00639972j]
 [-0.03367303-0.00639972j]
 [-0.03367302-0.00639971j]
 [-0.03367303-0.00639972j]
 [-0.03367303-0.00639972j]
 [-0.03367303-0.00639972j]
 [-0.03367304-0.00639973j]
 [-0.03367303-0.00639972j]
 [-0.03367303-0.00639972j]
 [-0.03367303-0.00639973j]
 [-0.03367303-0.00639972j]
 [-0.03367303-0.00639973j]
 [-0.03367303-0.00639973j]
 [-0.03367304-0.00639973j]
 [-0.03367304-0.00639972j]
 [-0.03367304-0.00639971j]
 [-0.03367303-0.00639972j]
 [-0.03367303-0.00639972j]
 [-0.03367303-0.00639972j]
 [-0.03367304-0.00639972j]
 [-0.03367303-0.00639974j]
 [-0.03367303-0.00639972j]
 [-0.03367302-0.00639972j]
 [-0.03367303-0.00639972j]
 [-0.03367303-0.00639972j]
 [-0.03367303-0.00639971j]
 [-0.03367303-0.00639973j]
 [-0.03367303-0.00639972j]
 [-0.03367303-0.00639972j]
 [-0.03367304-0.00639972j]
 [-0.03367304-0.00639972j]
 [-0.03367304-0.00639972j]
 [-0.03367303-0.00639972j]
 [-0.03367303-0.00639972j]
 [-0.03367303-0.00639972j]
 [-0.03367304-0.00639972j]
 [-0.03367304-0.00639972j]
 [-0.03367302-0.00639971j]
 [-0.03367304-0.00639972j]
 [-0.03367303-0.00639972j]
 [-0.03367303-0.00639972j]
 [-0.03367303-0.00639972j]
 [-0.03367304-0.00639972j]
 [-0.03367303-0.00639972j]
 [-0.03367303-0.00639973j]
 [-0.03367304-0.00639974j]]",,,0.7873265546012637,0.07873265546012637,0.32816097380291187,437165.8508749356,2e-06,5.0,11.0,4.0,-2.577497646910714,bad,0.0,0.7873265546012637,11.215536991036707,-28.784463008963293,40.0,2.3992083686164314,0.32816097380291187,1.3229812793724705e-05,0.009999999999999901,0.0013229812792401854,64.93347008768045,1.0,0.4451748370932486,0,injection_info,16
27,1,ground,15.0,0.5,1.0,27425.97795937681,fixed,mid,0.9762498736381531,0.9762496948242188,1.8316410496383435e-05,True,"{'pattern': 'fixed', 'subband_mode': 'mid', 'selected_subcarriers': [24, 25, 26, 27, 28, 29, 30, 31, 32, 33, 34, 35, 36, 37, 38, 39], 'selected_symbols': [0, 1, 2, 3], 'selected_subcarriers_per_symbol': None, 'num_covert_subs': 16, 'num_covert_syms': 4, 'covert_amp': 0.5, 'power_preserving': True, 'orig_power': 0.9762498736381531, 'after_inject_power': 0.9762496948242188, 'power_diff_pct': 1.8316410496383435e-05}",-190316.46416997135,27425.97795937681,8.062259674072266,4,15.0,15.0,"[[-0.04635829-0.00660184j]
 [-0.04635828-0.00660183j]
 [-0.04635827-0.00660184j]
 [-0.04635825-0.00660185j]
 [-0.04635825-0.00660185j]
 [-0.04635826-0.00660184j]
 [-0.04635825-0.00660185j]
 [-0.04635825-0.00660185j]
 [-0.04635826-0.00660184j]
 [-0.04635826-0.00660185j]
 [-0.04635826-0.00660184j]
 [-0.04635826-0.00660183j]
 [-0.04635826-0.00660184j]
 [-0.04635826-0.00660185j]
 [-0.04635825-0.00660184j]
 [-0.04635825-0.00660185j]
 [-0.04635825-0.00660185j]
 [-0.04635826-0.00660185j]
 [-0.04635827-0.00660184j]
 [-0.04635827-0.00660184j]
 [-0.04635826-0.00660184j]
 [-0.04635824-0.00660183j]
 [-0.04635825-0.00660185j]
 [-0.04635825-0.00660185j]
 [-0.04635825-0.00660185j]
 [-0.04635826-0.00660185j]
 [-0.04635826-0.00660185j]
 [-0.04635825-0.00660184j]
 [-0.04635826-0.00660184j]
 [-0.04635826-0.00660185j]
 [-0.04635826-0.00660184j]
 [-0.04635826-0.00660184j]
 [-0.04635826-0.00660185j]
 [-0.04635826-0.00660185j]
 [-0.04635825-0.00660184j]
 [-0.04635826-0.00660183j]
 [-0.04635825-0.00660184j]
 [-0.04635826-0.00660184j]
 [-0.04635826-0.00660184j]
 [-0.04635825-0.00660185j]
 [-0.04635825-0.00660186j]
 [-0.04635825-0.00660184j]
 [-0.04635826-0.00660184j]
 [-0.04635825-0.00660185j]
 [-0.04635824-0.00660186j]
 [-0.04635826-0.00660185j]
 [-0.04635826-0.00660184j]
 [-0.04635826-0.00660183j]
 [-0.04635825-0.00660184j]
 [-0.04635826-0.00660184j]
 [-0.04635826-0.00660185j]
 [-0.04635825-0.00660184j]
 [-0.04635826-0.00660184j]
 [-0.04635827-0.00660184j]
 [-0.04635826-0.00660183j]
 [-0.04635825-0.00660184j]
 [-0.04635825-0.00660185j]
 [-0.04635826-0.00660185j]
 [-0.04635825-0.00660184j]
 [-0.04635827-0.00660184j]
 [-0.04635826-0.00660183j]
 [-0.04635826-0.00660184j]
 [-0.04635826-0.00660185j]
 [-0.04635827-0.00660187j]]",,,0.7878993968026949,0.0787899396802695,0.32782772516863534,190316.46416997135,2e-06,5.0,11.0,4.0,-2.576182077683693,bad,0.0,0.7878993968026949,6.215536998431858,-33.78446300156814,40.0,2.4033946378311892,0.32782772516863534,1.3229812793724705e-05,0.0316227766016828,0.0004183634144448378,20.521876706950305,1.0,0.43306246519508707,0,injection_info,16
28,1,ground,20.0,0.5,1.0,-221676.260550199,fixed,mid,1.026249885559082,1.0262497663497925,1.1616010021352844e-05,True,"{'pattern': 'fixed', 'subband_mode': 'mid', 'selected_subcarriers': [24, 25, 26, 27, 28, 29, 30, 31, 32, 33, 34, 35, 36, 37, 38, 39], 'selected_symbols': [0, 1, 2, 3], 'selected_subcarriers_per_symbol': None, 'num_covert_subs': 16, 'num_covert_syms': 4, 'covert_amp': 0.5, 'power_preserving': True, 'orig_power': 1.026249885559082, 'after_inject_power': 1.0262497663497925, 'power_diff_pct': 1.1616010021352844e-05}",3114.214385068275,-221676.260550199,8.058794021606445,5,20.0,20.0,"[[0.00320576+0.10800543j]
 [0.0032058 +0.10800537j]
 [0.00320578+0.10800534j]
 [0.00320575+0.10800534j]
 [0.00320574+0.10800534j]
 [0.00320575+0.10800534j]
 [0.00320575+0.10800534j]
 [0.00320574+0.10800534j]
 [0.00320575+0.10800533j]
 [0.00320576+0.10800534j]
 [0.00320575+0.10800534j]
 [0.00320576+0.10800536j]
 [0.00320576+0.10800535j]
 [0.00320577+0.10800535j]
 [0.00320575+0.10800534j]
 [0.00320575+0.10800535j]
 [0.00320576+0.10800532j]
 [0.00320574+0.10800534j]
 [0.00320575+0.10800534j]
 [0.00320577+0.10800534j]
 [0.00320578+0.10800532j]
 [0.00320577+0.10800532j]
 [0.00320574+0.10800534j]
 [0.00320574+0.10800534j]
 [0.00320577+0.10800534j]
 [0.00320576+0.10800533j]
 [0.00320576+0.10800534j]
 [0.00320574+0.10800534j]
 [0.00320575+0.10800534j]
 [0.00320576+0.10800536j]
 [0.00320576+0.10800534j]
 [0.00320576+0.10800534j]
 [0.00320575+0.10800534j]
 [0.00320576+0.10800533j]
 [0.00320575+0.10800534j]
 [0.00320575+0.10800534j]
 [0.00320575+0.10800534j]
 [0.00320576+0.10800535j]
 [0.00320576+0.10800534j]
 [0.00320575+0.10800534j]
 [0.00320575+0.10800532j]
 [0.00320576+0.10800533j]
 [0.00320576+0.10800533j]
 [0.00320576+0.10800532j]
 [0.00320574+0.10800533j]
 [0.00320575+0.10800534j]
 [0.00320577+0.10800534j]
 [0.00320576+0.10800534j]
 [0.00320576+0.10800533j]
 [0.00320576+0.10800534j]
 [0.00320575+0.10800534j]
 [0.00320574+0.10800534j]
 [0.00320574+0.10800534j]
 [0.00320575+0.10800536j]
 [0.00320575+0.10800534j]
 [0.00320574+0.10800533j]
 [0.00320575+0.10800534j]
 [0.00320576+0.10800533j]
 [0.00320576+0.10800534j]
 [0.00320575+0.10800534j]
 [0.00320577+0.10800534j]
 [0.00320577+0.10800534j]
 [0.00320573+0.10800534j]
 [0.00320573+0.10800539j]]",,,0.7895210774446507,0.07895210774446508,0.3271403683573239,221676.260550199,2e-06,5.0,11.0,5.0,-8.20080041171896,bad,0.0,0.7895210774446508,11.215536991036707,-28.784463008963293,40.0,2.4134015664562827,0.3271403683573239,1.3229812793724705e-05,0.009999999999999901,0.0013229812792401854,64.82795056873233,1.0,0.45054971166597935,0,injection_info,16
29,1,ground,15.0,0.5,1.0,100622.1870881503,fixed,mid,0.9962498545646667,0.9962498545646667,0.0,True,"{'pattern': 'fixed', 'subband_mode': 'mid', 'selected_subcarriers': [24, 25, 26, 27, 28, 29, 30, 31, 32, 33, 34, 35, 36, 37, 38, 39], 'selected_symbols': [0, 1, 2, 3], 'selected_subcarriers_per_symbol': None, 'num_covert_subs': 16, 'num_covert_syms': 4, 'covert_amp': 0.5, 'power_preserving': True, 'orig_power': 0.9962498545646667, 'after_inject_power': 0.9962498545646667, 'power_diff_pct': 0.0}",239699.27907918897,100622.1870881503,8.044578552246094,5,15.0,15.0,"[[0.03253531+0.03623937j]
 [0.03253531+0.03623935j]
 [0.0325353 +0.03623934j]
 [0.03253528+0.03623936j]
 [0.03253529+0.03623936j]
 [0.0325353 +0.03623936j]
 [0.0325353 +0.03623935j]
 [0.0325353 +0.03623936j]
 [0.03253529+0.03623935j]
 [0.0325353 +0.03623934j]
 [0.03253529+0.03623936j]
 [0.03253531+0.03623936j]
 [0.0325353 +0.03623936j]
 [0.0325353 +0.03623934j]
 [0.03253531+0.03623936j]
 [0.03253531+0.03623935j]
 [0.03253529+0.03623936j]
 [0.03253529+0.03623935j]
 [0.03253531+0.03623936j]
 [0.03253531+0.03623935j]
 [0.03253529+0.03623934j]
 [0.0325353 +0.03623934j]
 [0.03253529+0.03623935j]
 [0.03253528+0.03623936j]
 [0.03253531+0.03623935j]
 [0.03253529+0.03623934j]
 [0.0325353 +0.03623936j]
 [0.0325353 +0.03623936j]
 [0.0325353 +0.03623935j]
 [0.0325353 +0.03623934j]
 [0.0325353 +0.03623936j]
 [0.0325353 +0.03623935j]
 [0.0325353 +0.03623934j]
 [0.03253529+0.03623937j]
 [0.0325353 +0.03623936j]
 [0.03253531+0.03623936j]
 [0.0325353 +0.03623935j]
 [0.0325353 +0.03623935j]
 [0.03253531+0.03623934j]
 [0.0325353 +0.03623936j]
 [0.0325353 +0.03623936j]
 [0.03253529+0.03623934j]
 [0.0325353 +0.03623935j]
 [0.0325353 +0.03623935j]
 [0.03253528+0.03623936j]
 [0.0325353 +0.03623936j]
 [0.03253531+0.03623935j]
 [0.03253531+0.03623934j]
 [0.03253529+0.03623934j]
 [0.0325353 +0.03623935j]
 [0.0325353 +0.03623934j]
 [0.0325353 +0.03623936j]
 [0.0325353 +0.03623936j]
 [0.0325353 +0.03623935j]
 [0.0325353 +0.03623936j]
 [0.03253529+0.03623934j]
 [0.03253529+0.03623935j]
 [0.03253529+0.03623934j]
 [0.03253529+0.03623935j]
 [0.03253531+0.03623935j]
 [0.03253531+0.03623934j]
 [0.03253529+0.03623934j]
 [0.03253529+0.03623936j]
 [0.03253531+0.03623938j]]",,,0.7885156909983555,0.07885156909983555,0.3277263379188683,239699.27907918897,2e-06,5.0,11.0,5.0,-8.20202023319061,bad,0.0,0.7885156909983555,6.215536998431858,-33.78446300156814,40.0,2.4060186801146264,0.3277263379188683,1.3229812793724705e-05,0.0316227766016828,0.0004183634144448378,20.521183302171977,1.0,0.44995758117504425,0,injection_info,16
